Name,Adapts Well To Apartment Living,Good For Novice Owners,Sensitivity Level,Tolerates Being Alone,Tolerates Cold Weather,Tolerates Hot Weather,Affectionate With Family,Kid-Friendly,Dog Friendly,Friendly Toward Strangers,Amount Of Shedding,Drooling Potential,Easy To Groom,General Health,Potential For Weight Gain,Size,Easy To Train,Intelligence,Potential For Mouthiness,Prey Drive,Tendency To Bark Or Howl,Wanderlust Potential,Energy Level,Intensity,Exercise Needs,Potential For Playfulness,Behaviour,b_physical,g_physical,Groups
Afador,1,1,3,3,4,2,4,2,3,1,4,3,2,3,4,4,1,5,4,4,4,4,4,4,4,3,2.0,4.0,4.0,2
Affenhuahua,4,4,4,1,2,3,4,3,2,2,2,1,4,4,5,1,3,3,4,2,4,2,4,3,3,3,3.0,3.0,3.0,1
Affenpinscher,5,4,3,1,3,3,5,1,4,3,1,1,3,4,3,1,2,4,4,3,2,2,4,3,3,4,3.0,2.0,3.0,1
Afghan Hound,5,3,5,2,5,5,5,5,4,2,4,1,1,3,1,4,1,4,3,5,2,5,5,2,4,4,4.0,2.0,4.0,0
Akbash,1,2,3,4,4,2,5,4,3,2,4,2,3,4,4,4,3,4,3,1,3,1,2,2,2,3,3.0,3.0,3.0,2
Akita,2,2,5,1,5,2,5,1,1,2,5,5,1,4,4,4,2,3,3,4,5,4,4,3,4,5,2.0,5.0,4.0,2
Akita Chow,2,1,4,2,5,2,1,1,1,2,4,3,1,2,4,4,2,4,3,4,2,3,4,4,4,2,2.0,4.0,4.0,2
Akita Pit,3,1,2,4,3,3,4,3,3,2,3,3,4,4,4,4,3,4,3,4,3,1,3,4,3,3,3.0,3.0,4.0,2
Akita Shepherd,3,3,2,3,4,3,4,3,3,3,4,2,3,3,3,4,4,4,2,3,1,2,3,3,4,3,3.0,3.0,4.0,2
Alaskan Klee Kai,3,2,4,2,5,2,4,3,2,2,4,2,4,4,2,2,4,4,2,5,3,4,4,2,4,4,3.0,3.0,4.0,2
Alaskan Malamute,1,1,4,1,5,2,4,3,2,5,5,1,1,4,3,4,4,4,3,4,5,5,5,5,5,5,3.0,3.0,4.0,0
American Bulldog,1,1,4,1,2,2,5,4,2,2,1,4,4,3,2,4,4,3,2,4,2,3,4,4,4,4,3.0,2.0,4.0,2
American English Coonhound,1,2,5,2,4,4,5,5,4,5,3,1,5,4,3,3,5,4,3,5,5,5,5,5,5,5,4.0,2.0,4.0,0
American Eskimo Dog,5,4,4,2,5,3,5,5,5,4,5,1,3,5,4,2,5,4,3,3,4,3,5,3,4,5,4.0,3.0,4.0,1
American Foxhound,1,2,2,1,4,4,4,5,5,4,3,1,5,5,5,3,2,3,3,4,5,5,5,4,5,5,3.0,3.0,4.0,0
American Hairless Terrier,4,3,3,2,1,3,4,4,3,3,1,1,5,4,4,2,3,4,3,4,3,3,4,3,3,5,3.0,2.0,3.0,1
American Leopard Hound,2,4,3,3,4,4,5,4,4,3,2,2,4,4,2,4,4,4,3,4,4,4,4,3,4,4,4.0,2.0,4.0,0
American Pit Bull Terrier,3,2,4,1,2,3,5,5,1,5,4,1,5,4,3,3,4,4,5,3,3,4,4,5,4,5,3.0,3.0,4.0,0
American Pugabull,3,3,4,1,2,3,5,4,3,3,3,3,4,2,3,3,3,3,2,4,4,2,4,4,3,5,3.0,3.0,3.0,1
American Staffordshire Terrier,2,2,3,2,2,3,4,4,2,4,2,3,4,3,2,3,4,4,5,3,4,3,3,5,3,4,3.0,2.0,3.0,2
American Water Spaniel,2,2,5,1,2,4,5,5,2,3,3,1,3,3,3,3,4,3,5,2,3,5,5,2,5,5,3.0,2.0,4.0,0
Anatolian Shepherd Dog,1,2,4,3,5,3,3,2,2,1,2,3,4,3,3,5,4,4,2,2,2,4,3,3,3,3,3.0,3.0,4.0,2
Appenzeller Sennenhunde,1,3,3,1,5,4,5,5,3,2,3,1,5,4,3,3,4,4,5,3,5,3,4,4,5,4,3.0,2.0,4.0,0
Auggie,2,3,4,3,4,3,5,5,5,4,4,1,2,3,4,3,5,5,3,3,4,3,5,4,5,5,4.0,3.0,4.0,0
Aussiedoodle,2,3,3,2,3,3,5,4,4,4,3,4,3,4,4,3,5,5,3,3,2,3,5,4,5,5,4.0,4.0,4.0,0
Aussiepom,3,2,3,2,3,3,4,3,4,4,3,2,2,4,4,3,4,4,4,2,3,2,5,3,4,5,3.0,3.0,4.0,1
Australian Cattle Dog,2,1,4,3,4,4,5,3,4,2,3,1,4,5,4,3,5,5,5,4,2,4,5,5,5,5,3.0,3.0,4.0,0
Australian Kelpie,2,2,4,2,3,5,4,2,3,2,3,1,4,3,2,3,5,5,5,4,4,4,5,3,5,4,3.0,2.0,4.0,0
Australian Retriever,1,4,3,2,4,4,4,4,3,3,3,2,3,4,4,4,4,4,2,3,2,4,5,3,5,4,3.0,3.0,4.0,0
Australian Shepherd,1,2,5,2,4,4,5,4,5,3,3,1,1,2,4,3,5,5,4,4,4,5,5,4,5,5,4.0,3.0,4.0,0
Australian Shepherd Husky,1,2,4,1,5,4,5,3,2,2,4,2,3,3,4,4,4,5,3,4,5,5,5,5,5,5,3.0,3.0,4.0,0
Australian Shepherd Lab Mix,2,2,5,4,5,4,4,4,4,4,4,2,4,4,3,4,5,5,4,3,3,5,5,5,5,5,4.0,3.0,4.0,0
Australian Shepherd Pit Bull Mix,2,3,3,2,3,3,4,4,3,3,4,2,3,4,5,4,4,4,3,4,2,3,4,3,4,4,3.0,4.0,4.0,2
Australian Stumpy Tail Cattle Dog,1,2,3,2,4,4,3,3,2,2,4,2,3,4,4,3,3,4,3,3,2,4,5,4,5,3,3.0,3.0,4.0,2
Australian Terrier,5,3,2,2,3,4,4,3,2,3,1,1,5,5,3,1,3,4,1,5,5,4,5,5,4,5,3.0,2.0,4.0,1
Azawakh,5,2,3,3,1,5,4,2,3,2,3,1,5,3,3,4,3,3,3,4,1,2,3,2,4,3,3.0,2.0,4.0,1
Barbet,3,2,3,1,4,4,5,4,4,3,2,1,1,4,3,3,4,4,2,3,3,3,5,3,3,4,3.0,2.0,4.0,1
Basenji,5,4,3,4,1,4,5,5,4,5,1,1,5,2,2,2,1,4,5,5,1,5,5,1,5,2,4.0,1.0,4.0,1
Bassador,2,2,3,3,4,4,3,3,3,3,5,4,3,3,3,4,2,3,2,4,3,3,3,2,4,3,3.0,4.0,4.0,2
Basset Fauve de Bretagne,4,4,3,3,3,1,5,4,4,3,2,1,4,5,1,2,3,5,3,3,2,1,4,2,4,3,4.0,1.0,4.0,1
Basset Retriever,3,3,2,2,4,4,4,4,3,4,2,2,4,4,4,3,4,5,3,5,2,4,4,2,4,4,4.0,3.0,4.0,0
Bavarian Mountain Scent Hound,2,3,2,2,2,3,5,4,3,2,1,2,3,4,2,3,3,4,2,4,2,2,4,2,4,4,3.0,2.0,4.0,2
Beabull,4,3,4,4,2,2,5,5,4,3,4,3,5,3,4,3,3,3,4,4,4,4,3,4,3,5,4.0,4.0,3.0,1
Beagle,4,3,4,1,2,4,5,5,5,5,3,1,4,1,5,2,1,4,3,5,5,5,4,5,4,5,4.0,3.0,3.0,0
Beaglier,5,4,4,1,2,3,5,5,5,5,3,1,4,2,5,2,2,4,3,3,4,4,3,3,4,5,4.0,3.0,3.0,1
Bearded Collie,3,4,4,2,4,3,5,4,5,4,4,1,2,3,4,3,5,4,3,3,3,5,4,4,4,5,4.0,3.0,4.0,0
Bedlington Terrier,4,4,3,3,4,3,5,4,4,5,5,1,1,4,3,3,3,5,4,5,3,4,4,2,4,5,4.0,3.0,4.0,0
Belgian Laekenois,3,3,2,2,3,3,4,4,4,3,3,3,4,3,3,4,3,4,2,4,2,3,4,3,4,4,3.0,3.0,4.0,2
Belgian Malinois,1,3,5,3,4,4,5,4,2,3,2,1,5,4,2,4,5,5,3,4,2,3,5,4,5,5,3.0,2.0,4.0,0
Belgian Sheepdog,3,3,5,3,4,3,4,5,5,4,5,1,3,3,2,4,5,5,2,5,1,4,5,3,5,5,4.0,3.0,4.0,0
Belgian Tervuren,3,3,5,1,4,3,4,3,3,3,4,1,3,3,2,4,5,5,2,2,5,4,5,3,4,5,3.0,2.0,4.0,0
Bergamasco Sheepdog,3,4,2,3,4,3,4,5,4,4,2,1,4,5,2,3,3,5,2,2,3,3,4,2,3,4,4.0,2.0,4.0,1
Berger Picard,3,4,5,3,4,3,5,5,3,2,4,1,5,5,3,4,4,4,2,3,2,2,5,3,5,5,4.0,3.0,5.0,0
Bernedoodle,3,3,4,2,5,3,5,5,4,3,1,2,3,4,3,3,4,5,4,3,3,3,4,3,3,5,4.0,2.0,4.0,1
Bernese Mountain Dog,1,2,4,1,5,1,5,5,3,5,5,4,3,1,4,5,4,4,5,5,4,3,4,3,3,4,3.0,4.0,3.0,0
Bichon Frise,5,5,5,1,3,4,5,4,4,5,2,1,1,4,4,2,5,4,3,4,2,2,5,3,3,5,4.0,2.0,4.0,1
Biewer Terrier,5,3,3,3,2,3,5,4,3,3,1,1,4,4,3,1,3,4,3,1,3,1,5,3,3,4,3.0,2.0,3.0,1
Black and Tan Coonhound,1,2,3,2,4,4,5,5,5,5,5,3,4,5,5,3,2,5,1,5,5,5,5,5,5,5,4.0,4.0,4.0,0
Black Mouth Cur,1,2,4,2,3,3,5,5,3,3,3,2,5,4,2,4,3,4,3,5,4,4,4,3,5,4,3.0,2.0,4.0,0
Black Russian Terrier,3,2,4,2,4,3,4,5,2,2,3,3,2,3,3,5,4,4,4,2,3,3,3,5,4,5,3.0,3.0,4.0,2
Bloodhound,1,2,4,2,3,3,5,5,5,5,4,5,1,3,3,4,3,4,5,3,4,5,5,4,5,3,4.0,4.0,4.0,0
Blue Lacy,1,1,4,2,4,5,4,3,2,2,3,2,5,4,2,3,5,5,4,5,5,4,5,5,5,4,3.0,2.0,4.0,0
Bluetick Coonhound,2,2,5,2,3,3,5,5,3,3,2,2,5,4,3,3,2,4,3,4,4,5,5,4,5,5,3.0,2.0,4.0,0
Bocker,5,3,5,1,3,4,5,4,4,4,3,1,3,3,4,2,4,4,4,5,5,5,4,3,4,4,4.0,3.0,3.0,1
Boerboel,1,1,3,2,3,4,4,4,2,2,3,4,4,4,3,5,2,4,3,3,3,4,3,4,4,4,3.0,3.0,4.0,2
Boglen Terrier,4,4,4,2,2,3,5,5,5,5,2,1,4,3,3,2,2,2,4,4,4,5,4,5,4,5,4.0,2.0,3.0,1
Bohemian Shepherd,2,3,4,2,4,3,4,4,4,3,4,1,4,4,3,3,4,5,2,2,2,3,4,3,4,5,3.0,3.0,4.0,0
Bolognese,5,3,5,2,2,3,5,5,5,5,1,1,1,5,3,1,5,4,4,5,4,1,3,3,4,3,4.0,2.0,3.0,1
Borador,3,3,2,2,3,3,5,4,4,4,4,3,3,3,4,4,4,5,3,3,2,3,4,3,4,5,4.0,4.0,4.0,0
Border Collie,2,2,5,1,4,4,5,4,3,5,3,1,3,2,3,3,5,5,3,3,2,3,5,3,5,5,4.0,2.0,4.0,0
Border Sheepdog,2,3,2,2,4,2,5,4,3,3,3,1,3,4,2,3,4,5,4,3,4,2,5,3,5,4,3.0,2.0,4.0,0
Border Terrier,4,3,3,1,4,3,5,4,2,5,3,1,2,4,5,2,3,5,5,5,1,4,4,4,5,5,4.0,3.0,4.0,0
Bordoodle,4,4,3,3,4,4,4,5,3,2,2,2,4,4,3,3,4,5,3,2,2,3,3,2,3,4,4.0,2.0,3.0,1
Borzoi,5,3,5,1,4,3,4,3,4,4,5,1,4,4,2,5,3,4,3,5,2,4,2,2,2,3,4.0,3.0,3.0,1
BoShih,5,4,3,1,2,2,4,2,3,4,2,1,5,3,3,2,2,3,1,1,2,2,3,2,3,5,3.0,2.0,3.0,1
Bossie,2,2,3,5,3,3,4,4,4,4,2,1,3,3,3,3,4,4,3,3,3,5,4,4,5,5,4.0,2.0,4.0,0
Boston Boxer,4,3,3,2,3,3,4,4,4,2,3,3,4,4,4,3,3,4,3,3,3,2,4,3,4,5,3.0,3.0,4.0,1
Boston Terrier,5,4,5,3,3,2,4,5,5,4,2,1,5,4,3,2,4,4,2,2,3,5,4,5,4,5,4.0,2.0,4.0,1
Boston Terrier Pekingese Mix,4,3,3,2,2,2,4,4,3,3,2,2,4,4,4,1,2,4,3,2,4,2,3,3,3,4,3.0,3.0,3.0,1
Bouvier des Flandres,3,2,4,2,4,2,5,5,2,2,1,1,2,3,4,4,5,4,2,2,4,2,4,5,4,4,3.0,2.0,4.0,2
Boxador,2,2,3,1,2,2,5,4,4,4,4,2,5,2,4,4,5,5,3,2,3,3,5,5,5,5,4.0,3.0,4.0,0
Boxer,4,3,4,1,2,1,5,4,3,4,4,2,5,2,4,3,4,4,2,3,3,3,5,5,5,5,4.0,3.0,4.0,0
Boxerdoodle,1,3,3,2,3,3,4,3,4,3,2,2,3,3,4,3,4,4,2,3,2,4,4,4,4,5,3.0,3.0,4.0,0
Boxmatian,1,2,3,2,2,4,4,3,2,1,3,2,3,5,4,5,3,4,4,3,3,4,5,4,5,4,3.0,3.0,5.0,2
Boxweiler,2,3,4,2,3,2,5,4,4,2,3,2,3,3,4,4,4,4,2,2,3,1,4,3,4,4,3.0,3.0,4.0,2
Boykin Spaniel,1,3,4,3,3,4,5,5,4,3,4,1,1,2,4,3,4,4,4,2,3,4,5,5,5,4,4.0,3.0,4.0,0
Bracco Italiano,1,2,4,3,3,3,5,4,5,3,3,2,5,2,3,4,3,4,2,5,2,3,4,4,5,4,3.0,3.0,4.0,0
Braque du Bourbonnais,1,3,3,2,2,3,5,4,4,4,2,1,4,4,1,3,4,4,3,4,3,2,5,2,5,3,3.0,1.0,4.0,0
Briard,3,3,4,3,4,3,4,5,5,2,1,1,1,3,3,4,4,4,2,3,4,5,4,4,4,4,4.0,2.0,4.0,0
Brittany,1,3,5,1,4,3,5,5,5,4,3,5,3,4,3,3,3,5,3,5,3,4,5,3,5,5,4.0,4.0,4.0,0
Broholmer,2,4,3,3,3,3,5,4,3,3,3,2,4,4,3,5,4,4,3,2,3,2,3,3,3,3,3.0,3.0,4.0,2
Brussels Griffon,5,2,5,1,1,2,5,4,4,3,3,3,3,3,3,1,3,4,3,1,4,5,5,3,4,5,4.0,3.0,3.0,1
Bugg,5,4,3,2,2,3,4,3,2,3,2,2,4,4,4,2,3,4,4,3,4,2,4,3,2,4,3.0,3.0,3.0,1
Bull Arab,2,1,2,3,4,4,3,3,1,2,2,2,4,4,3,4,2,4,3,5,2,4,4,5,4,2,2.0,2.0,4.0,2
Bull-Pei,4,2,3,3,1,1,3,2,2,2,4,3,4,3,4,3,3,2,4,2,2,1,2,2,2,2,2.0,4.0,2.0,2
Bull Terrier,4,3,5,2,1,4,5,5,4,5,3,1,5,4,5,2,5,4,4,4,1,5,4,5,5,5,4.0,3.0,4.0,0
Bullador,2,2,4,2,2,2,4,4,4,4,4,4,4,3,5,4,4,4,2,4,4,3,4,4,4,4,3.0,4.0,4.0,0
Bullboxer Pit,1,2,3,2,2,2,4,4,2,2,4,4,4,4,4,3,2,4,4,5,4,3,5,5,5,4,3.0,4.0,4.0,2
Bulldog,5,4,4,3,1,1,5,4,2,5,3,5,5,4,5,2,3,2,2,2,4,1,2,3,3,4,3.0,4.0,3.0,1
Bullmastiff,3,2,4,2,4,2,5,5,4,3,1,5,5,2,5,5,3,3,3,3,4,3,2,4,3,5,3.0,4.0,3.0,2
Bullmatian,2,1,3,3,2,2,4,5,4,3,2,3,4,4,4,3,1,4,3,3,2,3,5,4,4,4,3.0,3.0,4.0,2
Cairn Terrier,5,4,3,1,4,4,5,5,4,4,3,1,5,4,3,1,2,5,3,4,4,3,5,4,4,5,4.0,2.0,4.0,1
Canaan Dog,4,2,4,3,3,5,4,2,3,2,4,1,5,5,2,3,5,4,3,3,3,2,4,3,3,4,3.0,2.0,4.0,1
Cane Corso,1,1,3,1,3,4,4,2,3,2,3,4,5,3,4,4,4,5,2,5,3,2,4,3,5,2,2.0,4.0,4.0,2
Cardigan Welsh Corgi,4,4,4,3,4,3,5,4,3,3,4,1,3,4,4,2,4,5,2,4,4,3,3,3,3,4,4.0,3.0,3.0,1
Catahoula Bulldog,1,1,2,3,1,5,4,3,2,1,1,1,5,4,3,4,2,3,4,5,3,3,5,5,5,4,2.0,2.0,4.0,2
Catahoula Leopard Dog,1,1,2,2,3,3,5,3,1,1,3,1,5,3,3,4,2,3,3,1,3,3,4,3,5,2,2.0,2.0,4.0,2
Caucasian Shepherd Dog,2,1,2,3,5,2,4,2,2,2,4,4,2,3,4,5,2,4,4,3,3,2,2,4,2,3,2.0,4.0,3.0,2
Cav-a-Jack,4,4,3,1,3,3,4,4,4,4,2,2,4,3,4,2,4,4,3,4,3,3,4,3,4,5,4.0,3.0,3.0,1
Cavachon,5,5,5,1,3,3,5,5,5,5,2,1,2,4,4,2,4,4,3,4,3,2,4,3,4,5,4.0,2.0,4.0,1
Cavador,3,5,4,2,3,3,5,5,4,3,3,2,4,4,4,3,4,4,2,3,3,3,4,3,4,5,4.0,3.0,4.0,1
Cavalier King Charles Spaniel,5,5,5,1,3,2,5,5,5,5,3,1,4,4,4,2,4,4,3,3,2,2,3,2,4,5,4.0,3.0,3.0,1
Cavapoo,3,3,3,2,4,3,5,5,4,4,2,1,3,3,4,2,4,4,3,3,2,3,3,2,3,5,4.0,2.0,3.0,1
Central Asian Shepherd Dog,1,1,4,2,5,2,3,3,4,2,4,5,5,5,3,4,2,5,2,1,3,2,3,3,4,2,2.0,4.0,4.0,2
Cesky Terrier,5,4,4,3,3,3,5,3,2,3,1,1,4,5,4,2,4,3,3,2,3,3,2,3,3,5,4.0,2.0,3.0,1
Chabrador,4,2,4,3,4,1,4,4,2,2,4,3,4,4,3,3,2,4,4,4,3,3,3,4,3,4,3.0,3.0,3.0,2
Cheagle,4,4,4,1,1,2,5,3,3,2,3,1,5,3,4,2,2,4,3,4,4,3,4,4,3,4,3.0,3.0,3.0,1
Chesapeake Bay Retriever,1,1,3,2,4,4,5,3,1,1,5,3,5,4,4,3,3,4,3,3,3,4,5,5,5,4,2.0,4.0,4.0,2
Chi Chi,4,2,4,2,2,3,3,3,2,3,2,1,4,4,4,2,3,4,3,3,4,2,4,4,3,4,3.0,2.0,3.0,1
Chi-Poo,5,5,5,4,2,3,5,5,3,3,2,1,3,2,3,2,5,5,3,3,3,3,3,2,2,4,4.0,2.0,2.0,1
Chigi,3,4,5,2,3,2,5,5,2,2,4,1,5,3,3,1,4,4,2,3,2,3,4,4,4,4,3.0,3.0,3.0,1
Chihuahua,5,4,5,1,1,2,5,5,2,2,2,1,5,2,3,1,4,4,3,3,3,2,3,2,1,4,3.0,2.0,2.0,1
Chilier,4,2,4,2,2,2,4,4,4,3,2,3,4,4,3,2,2,4,3,3,3,2,4,4,3,4,3.0,3.0,3.0,1
Chinese Crested,5,3,5,1,1,3,4,5,4,4,2,1,2,5,2,2,4,3,4,3,3,1,2,1,2,3,3.0,2.0,3.0,1
Chinese Shar-Pei,4,2,2,4,2,1,2,2,1,2,2,2,5,1,4,3,3,2,5,2,5,2,2,1,3,1,2.0,3.0,2.0,2
Chinook,4,1,5,1,5,4,5,5,5,4,5,1,2,4,3,4,4,5,3,2,2,2,3,3,3,4,4.0,3.0,4.0,0
Chion,4,3,3,2,2,3,5,3,3,2,2,2,3,4,4,2,3,3,4,3,4,1,4,3,2,4,3.0,3.0,3.0,1
Chipin,5,4,5,1,1,2,5,4,2,2,2,1,5,3,4,1,4,3,2,3,2,3,4,3,2,5,3.0,2.0,2.0,1
Chiweenie,5,3,4,2,1,4,4,2,3,2,1,1,5,3,4,1,2,4,2,3,5,2,4,2,4,5,3.0,2.0,3.0,1
Chorkie,5,5,5,1,1,2,4,3,3,2,2,1,3,3,2,1,3,3,2,2,4,2,4,3,3,5,3.0,2.0,3.0,1
Chow Chow,3,2,2,5,5,2,2,1,1,1,1,3,1,2,4,4,2,1,5,2,1,2,2,2,2,1,2.0,3.0,2.0,2
Chow Shepherd,3,2,4,2,5,4,3,3,2,2,5,2,1,3,2,4,3,3,3,3,2,3,5,4,5,4,3.0,3.0,4.0,2
Chug,5,3,3,3,2,3,5,4,3,3,4,2,4,4,4,1,3,3,3,2,2,2,4,3,3,4,3.0,3.0,3.0,1
Chusky,2,2,3,3,5,2,4,4,3,3,5,2,2,3,3,3,3,4,3,3,4,2,4,3,4,4,3.0,3.0,4.0,2
Cirneco dell’Etna,4,3,3,3,3,3,5,5,4,3,2,1,4,5,2,3,3,3,2,4,3,1,4,2,3,4,3.0,2.0,4.0,1
Clumber Spaniel,5,5,4,2,5,2,5,3,4,3,5,5,1,2,5,3,4,3,5,5,1,4,3,1,2,5,4.0,5.0,2.0,1
Cockalier,4,4,4,2,2,2,5,5,4,3,2,1,4,4,3,2,4,4,2,3,2,2,4,2,4,5,4.0,2.0,4.0,1
Cockapoo,4,5,4,3,4,4,5,4,5,4,1,1,3,2,3,2,4,4,2,3,2,3,3,3,3,5,4.0,2.0,2.0,1
Cocker Spaniel,5,3,5,1,4,3,5,3,4,3,3,1,1,4,4,2,5,4,4,5,3,4,4,2,3,4,4.0,3.0,3.0,1
Collie,3,4,5,2,4,3,5,5,4,4,5,1,2,3,3,3,4,4,3,4,4,1,3,2,3,4,4.0,3.0,3.0,1
Corgi Inu,4,3,3,3,4,2,3,3,3,2,5,2,2,3,3,2,4,4,3,3,3,2,4,3,4,4,3.0,3.0,3.0,2
Corgidor,3,2,4,3,3,3,5,4,3,4,5,2,4,4,4,3,4,5,3,3,2,3,5,3,4,5,4.0,4.0,4.0,0
Corman Shepherd,2,2,3,3,4,3,4,4,4,3,5,2,3,3,4,3,4,5,3,3,3,2,4,3,4,4,3.0,4.0,4.0,2
Coton de Tulear,5,4,5,1,3,3,5,5,5,5,1,1,2,5,3,1,3,4,3,1,2,3,3,2,3,5,4.0,2.0,3.0,1
Croatian Sheepdog,3,2,3,3,4,2,4,3,2,2,5,3,2,4,3,3,3,4,4,3,4,3,4,4,4,4,3.0,4.0,4.0,2
Curly-Coated Retriever,1,3,3,3,4,4,5,5,4,3,3,2,3,2,3,3,4,5,5,5,3,4,5,3,4,5,4.0,3.0,4.0,0
Dachsador,4,2,3,2,3,3,4,4,3,4,2,1,4,4,4,2,3,4,2,4,2,4,4,3,4,4,3.0,2.0,4.0,1
Dachshund,5,4,4,3,1,3,4,5,3,1,3,1,3,2,5,1,2,4,4,5,5,5,3,3,3,4,4.0,3.0,2.0,1
Dalmatian,2,3,4,3,3,4,5,4,4,3,5,1,5,4,4,3,4,4,2,2,2,4,5,4,5,4,4.0,3.0,4.0,0
Dandie Dinmont Terrier,4,4,3,2,3,3,5,4,3,3,3,1,2,3,4,1,2,3,3,4,2,3,3,3,2,4,3.0,3.0,2.0,1
Daniff,2,2,3,1,4,3,5,4,4,3,2,4,1,3,3,5,4,4,2,2,1,2,3,4,4,4,3.0,3.0,4.0,2
Dogo Argentino,1,1,3,2,2,4,4,2,2,2,1,3,4,3,2,4,2,3,2,5,2,4,4,4,4,3,2.0,2.0,4.0,2
Dogue de Bordeaux,5,1,4,2,3,2,5,5,1,1,3,5,5,2,4,4,2,3,4,4,2,1,2,2,5,3,3.0,4.0,3.0,2
Dorgi,4,4,3,1,4,3,4,4,4,3,2,2,4,4,4,2,3,4,4,3,3,3,4,4,4,5,3.0,3.0,4.0,1
Dorkie,5,4,4,2,2,2,4,4,4,4,3,1,2,2,2,1,3,4,2,3,2,2,2,2,2,3,4.0,2.0,2.0,1
Doxle,2,4,4,1,2,4,5,4,5,4,5,1,4,4,4,2,3,4,3,5,5,5,5,4,5,5,4.0,3.0,4.0,0
Drentsche Patrijshond,3,2,4,3,4,3,5,4,4,3,4,3,3,4,2,3,2,4,3,4,2,1,5,3,4,4,3.0,3.0,4.0,2
Drever,4,3,2,2,2,3,5,5,4,3,3,2,3,5,3,3,3,4,4,3,4,2,5,3,4,4,4.0,3.0,4.0,1
Dutch Shepherd,3,3,3,2,4,4,4,4,4,2,4,2,3,4,2,3,5,4,2,3,2,2,4,3,4,4,3.0,3.0,4.0,2
English Cocker Spaniel,5,4,5,1,4,3,5,5,5,5,3,1,3,4,5,2,4,5,3,5,4,4,5,3,4,5,4.0,3.0,4.0,1
English Foxhound,1,2,3,4,3,3,4,4,5,3,3,1,5,4,2,3,3,3,4,5,4,5,5,4,5,5,3.0,2.0,4.0,0
English Setter,1,3,4,1,4,3,5,5,5,5,3,2,3,3,5,3,3,5,4,5,4,5,4,2,5,5,4.0,3.0,4.0,0
English Springer Spaniel,1,3,4,1,3,4,5,5,5,4,3,1,2,3,3,3,5,5,3,5,3,4,5,3,5,5,4.0,2.0,4.0,0
English Toy Spaniel,4,4,4,1,2,2,5,1,4,4,5,2,4,2,3,2,3,3,4,4,3,2,3,3,2,4,3.0,3.0,2.0,1
Entlebucher Mountain Dog,1,2,4,3,4,2,5,5,3,2,3,1,5,3,3,3,3,4,4,4,5,3,5,4,5,5,3.0,2.0,4.0,0
Estrela Mountain Dog,1,3,2,3,4,3,5,5,3,2,4,3,2,4,3,4,4,5,2,1,3,1,3,3,3,3,3.0,3.0,4.0,2
Eurasier,4,3,2,1,4,3,3,5,4,2,4,3,3,4,2,4,4,4,2,1,2,1,3,2,3,3,3.0,3.0,4.0,2
Field Spaniel,1,3,4,1,3,4,5,5,4,4,3,1,4,3,4,2,5,5,3,4,2,5,5,3,5,5,4.0,3.0,4.0,0
Fila Brasileiro,1,1,3,3,2,3,3,3,2,1,2,3,4,3,4,5,2,4,3,5,3,3,4,4,4,2,2.0,3.0,4.0,2
Finnish Lapphund,4,4,4,2,5,2,5,5,5,4,3,1,4,4,4,3,5,5,4,4,3,4,5,5,4,5,4.0,3.0,4.0,0
Finnish Spitz,3,3,3,1,5,3,5,5,5,3,4,1,2,4,3,3,3,4,3,3,5,4,5,4,5,5,4.0,3.0,4.0,0
Flat-Coated Retriever,1,2,5,1,4,4,5,5,5,5,3,2,4,4,4,3,4,5,3,3,4,4,5,4,5,5,4.0,3.0,4.0,0
Fox Terrier,3,3,3,3,3,4,4,4,3,3,2,1,2,4,2,2,5,5,3,5,3,3,5,5,5,5,4.0,2.0,4.0,0
French Bulldog,5,5,3,1,2,1,5,4,4,4,3,1,5,2,4,2,4,3,3,2,3,2,3,4,2,5,4.0,3.0,2.0,1
French Bullhuahua,4,3,3,2,2,4,4,3,2,3,3,2,4,4,5,1,3,3,4,3,4,2,3,3,3,4,3.0,3.0,3.0,1
French Spaniel,2,4,4,3,4,2,5,4,4,4,3,2,3,4,2,3,4,4,2,3,2,2,5,3,4,4,4.0,2.0,4.0,0
Frenchton,5,5,3,2,3,3,5,5,5,5,4,3,5,4,2,2,4,4,2,2,3,3,3,3,3,5,4.0,3.0,3.0,1
Frengle,4,4,4,3,2,2,5,5,4,4,3,1,5,4,4,3,3,4,3,3,2,3,4,3,4,5,4.0,3.0,4.0,1
German Longhaired Pointer,2,2,3,3,3,2,5,4,4,4,2,3,5,4,4,4,4,4,2,3,3,4,5,3,5,3,4.0,3.0,4.0,0
German Pinscher,3,3,4,3,3,4,5,3,2,2,3,1,5,4,3,3,4,5,3,5,3,4,5,3,5,5,3.0,2.0,4.0,0
German Shepherd Dog,3,2,5,2,4,3,5,5,2,4,5,1,5,4,2,4,5,5,5,4,4,2,5,5,5,5,4.0,3.0,4.0,0
German Shepherd Pit Bull,1,1,4,1,3,3,5,5,4,4,5,1,5,4,4,4,5,5,5,4,4,3,5,5,5,5,3.0,3.0,4.0,0
German Shepherd Rottweiler Mix,3,4,3,3,4,2,4,4,3,3,5,3,3,3,4,4,3,4,3,3,3,2,4,3,4,4,3.0,4.0,4.0,2
German Sheprador,2,1,5,2,4,4,5,5,4,4,5,2,5,3,3,4,5,5,5,3,2,2,5,5,5,5,4.0,3.0,4.0,0
German Shorthaired Pointer,1,2,4,1,2,4,5,5,4,3,2,2,5,3,3,3,5,5,4,5,3,5,5,3,5,5,4.0,2.0,4.0,0
German Spitz,4,2,3,3,3,2,5,4,3,3,4,1,2,4,4,1,2,4,4,5,4,2,5,3,4,4,3.0,3.0,4.0,1
German Wirehaired Pointer,2,3,4,2,3,4,5,3,3,2,2,2,4,4,3,4,4,5,4,4,3,5,5,4,5,5,3.0,2.0,4.0,0
Giant Schnauzer,1,1,4,2,4,2,5,3,3,2,4,1,2,4,3,4,5,4,3,4,4,4,5,2,5,5,3.0,3.0,4.0,0
Glen of Imaal Terrier,4,2,3,3,3,4,5,5,2,3,1,1,5,5,3,1,4,4,3,5,4,3,4,5,4,4,4.0,2.0,4.0,1
Goberian,1,2,3,2,5,2,4,4,4,2,2,1,5,4,4,4,2,5,3,4,2,4,5,4,5,4,3.0,2.0,4.0,0
Goldador,2,4,3,4,5,4,5,5,5,5,3,2,4,4,3,4,4,5,2,1,1,4,5,5,5,5,4.0,3.0,4.0,0
Golden Cocker Retriever,1,4,4,1,2,4,5,4,4,3,4,1,4,4,4,3,4,4,2,2,3,4,5,2,4,5,3.0,3.0,4.0,0
Golden Mountain Dog,1,2,2,2,5,1,5,5,4,3,4,4,2,3,4,5,4,4,2,2,3,4,4,2,5,5,3.0,4.0,4.0,2
Golden Retriever,2,3,5,1,3,3,5,5,5,5,5,4,2,2,5,3,5,5,5,3,3,2,5,2,5,5,4.0,5.0,4.0,0
Golden Retriever Corgi,3,4,3,3,3,3,5,5,4,4,4,3,3,3,4,3,4,4,3,2,3,2,4,3,3,5,4.0,4.0,3.0,1
Golden Shepherd,2,2,5,1,5,4,5,5,3,5,5,2,2,3,3,5,5,5,5,3,3,2,5,3,5,5,4.0,3.0,4.0,0
Goldendoodle,1,4,4,3,3,3,5,5,5,4,2,1,4,3,3,4,4,5,1,1,3,3,4,3,5,5,4.0,2.0,4.0,0
Gollie,1,4,3,2,3,3,5,5,4,4,4,2,3,3,4,3,4,4,2,2,2,4,5,3,4,5,4.0,3.0,4.0,0
Gordon Setter,2,3,4,1,4,3,5,3,2,3,5,3,2,4,3,3,5,5,3,4,5,4,5,2,5,5,3.0,4.0,4.0,0
Great Dane,1,1,5,1,2,3,5,5,5,5,5,4,5,4,2,5,5,3,2,3,4,3,5,5,5,5,3.0,4.0,5.0,0
Great Pyrenees,1,1,4,3,5,3,5,4,4,3,5,2,4,2,4,5,1,4,2,5,5,5,5,5,5,4,3.0,4.0,4.0,0
Greater Swiss Mountain Dog,1,2,4,3,5,1,5,5,5,3,3,1,5,2,4,5,3,3,3,4,4,3,5,4,3,5,3.0,3.0,4.0,0
Greyador,3,2,5,1,1,3,5,5,5,5,5,4,5,4,5,4,3,5,5,4,4,4,4,4,4,4,4.0,5.0,4.0,0
Greyhound,4,2,5,1,1,5,5,5,4,5,4,5,5,4,5,4,5,5,4,5,2,5,5,3,5,4,4.0,5.0,4.0,0
Hamiltonstovare,3,2,4,3,3,3,5,4,3,3,1,1,4,4,3,3,3,4,2,5,3,2,5,3,4,4,3.0,2.0,4.0,1
Hanoverian Scenthound,2,1,4,3,3,3,5,5,4,3,2,1,4,4,3,4,2,4,2,4,3,2,4,3,4,4,3.0,2.0,4.0,2
Harrier,1,3,2,3,3,4,4,5,5,5,3,1,5,5,3,3,2,4,3,4,4,5,5,4,5,5,4.0,2.0,4.0,0
Havanese,5,5,4,1,3,4,5,4,5,5,2,1,1,3,4,2,5,4,3,4,2,2,3,2,3,5,4.0,2.0,3.0,1
Havapoo,5,5,4,1,3,4,5,4,4,4,1,1,1,3,4,2,5,5,3,3,2,3,3,2,3,5,4.0,2.0,3.0,1
Hokkaido,3,2,2,3,5,2,4,4,3,3,4,2,1,5,3,3,3,4,3,4,3,3,3,2,3,3,3.0,3.0,4.0,2
Horgi,2,2,4,2,4,3,5,5,4,5,4,2,3,3,3,2,4,4,4,4,3,3,4,3,4,4,4.0,3.0,3.0,0
Hovawart,1,2,3,2,4,3,4,4,2,2,3,1,4,4,3,4,2,4,2,2,2,2,4,4,4,4,2.0,2.0,4.0,2
Huskita,2,1,4,1,5,3,5,2,2,3,4,3,1,4,3,4,2,3,3,4,5,5,4,4,5,5,3.0,3.0,4.0,2
Huskydoodle,2,2,3,2,4,3,4,4,4,3,3,2,3,4,4,3,3,5,3,4,2,2,5,4,5,4,3.0,3.0,4.0,0
Ibizan Hound,5,3,4,2,1,4,5,5,5,4,3,1,5,4,1,3,3,4,3,5,2,5,5,3,5,5,4.0,2.0,4.0,0
Icelandic Sheepdog,1,1,3,2,5,3,4,4,2,2,5,1,1,3,3,3,3,4,3,4,1,4,4,5,4,4,3.0,3.0,4.0,2
Irish Red And White Setter,1,3,4,1,4,3,5,4,4,4,3,1,3,2,2,3,4,4,4,3,3,4,5,5,5,5,3.0,2.0,4.0,0
Irish Setter,1,3,4,2,4,3,5,5,5,5,4,2,3,2,3,4,4,5,5,5,4,5,5,3,5,5,4.0,3.0,4.0,0
Irish Terrier,3,2,3,2,4,4,5,5,1,3,4,1,2,5,3,3,1,4,1,2,4,3,5,4,4,5,3.0,3.0,4.0,2
Irish Water Spaniel,3,2,4,3,4,4,5,5,4,5,1,2,3,2,3,3,5,4,3,5,4,3,5,3,5,4,4.0,2.0,4.0,0
Irish Wolfhound,1,2,3,2,4,2,5,5,5,5,3,1,3,1,3,5,3,4,3,5,1,3,2,2,4,4,4.0,2.0,3.0,0
Italian Greyhound,5,5,5,1,1,3,5,5,4,4,2,1,5,3,2,2,3,3,4,5,3,3,4,2,4,4,4.0,2.0,3.0,1
Jack-A-Poo,4,4,4,2,4,4,5,5,5,4,2,1,2,3,4,2,4,5,4,4,3,4,5,4,5,5,4.0,2.0,4.0,0
Jack Chi,4,2,3,3,2,4,4,5,4,3,2,2,5,4,4,2,2,4,2,4,2,4,4,4,4,5,4.0,3.0,4.0,1
Jack Russell Terrier,3,2,3,3,4,3,5,4,5,4,3,1,3,4,4,2,4,5,4,5,4,4,5,5,5,5,4.0,3.0,4.0,0
Jackshund,4,2,3,3,3,3,5,4,4,3,3,1,3,3,5,2,3,5,4,5,5,5,4,4,4,5,4.0,3.0,3.0,0
Japanese Chin,5,4,3,1,3,2,3,3,3,4,3,1,3,3,3,1,3,3,4,3,3,1,2,1,2,4,3.0,2.0,2.0,1
Japanese Spitz,4,4,3,2,4,3,4,5,4,2,3,1,4,3,2,2,4,4,2,2,4,2,3,2,3,4,4.0,2.0,3.0,1
Kai Ken,2,2,2,3,4,3,4,4,3,2,4,2,2,4,3,3,3,5,2,5,2,3,5,4,5,3,3.0,3.0,4.0,2
Karelian Bear Dog,2,1,4,2,5,3,4,3,1,2,3,1,4,4,2,3,2,4,4,5,4,5,4,5,4,4,3.0,2.0,4.0,2
Keeshond,4,4,5,1,5,3,5,5,4,4,5,1,3,3,4,3,4,4,3,3,4,2,4,3,3,5,4.0,3.0,3.0,1
Kerry Blue Terrier,3,2,3,3,4,3,4,4,2,5,1,1,2,3,3,3,4,4,4,3,4,3,4,4,5,4,3.0,2.0,4.0,0
King Shepherd,4,2,4,2,5,4,4,4,5,4,4,4,4,3,4,5,4,5,3,2,2,3,3,3,4,4,4.0,4.0,4.0,2
Kishu Ken,3,2,3,3,5,3,3,3,2,2,4,2,3,4,3,3,4,5,2,4,1,2,3,3,4,2,3.0,3.0,4.0,2
Komondor,2,1,4,1,4,3,5,3,1,1,3,2,2,2,3,4,4,4,3,2,5,4,2,1,4,4,3.0,3.0,3.0,2
Kooikerhondje,4,3,4,2,4,3,3,2,2,2,3,1,2,5,3,3,1,4,3,3,3,3,4,5,5,4,3.0,2.0,4.0,2
Kuvasz,1,1,5,1,5,2,5,1,2,1,4,3,4,4,4,5,2,4,1,1,3,3,4,4,5,4,2.0,4.0,4.0,2
Kyi-Leo,5,4,3,4,5,2,5,5,4,3,2,1,2,3,3,2,3,3,4,1,4,2,4,3,2,4,4.0,2.0,3.0,1
Lab Pointer,1,4,3,1,4,4,5,4,3,4,2,2,4,4,4,4,5,4,2,4,2,4,5,3,5,4,4.0,3.0,4.0,0
Labernese,2,4,4,1,4,2,4,5,4,3,4,3,3,2,4,4,3,4,3,3,2,4,4,2,4,5,3.0,4.0,4.0,0
Labmaraner,1,4,4,1,3,3,4,5,4,3,1,2,4,4,4,4,4,4,3,3,3,4,4,3,5,5,3.0,2.0,4.0,0
Labrabull,2,2,4,1,3,3,5,5,2,5,5,2,5,3,3,4,5,5,5,3,3,4,5,5,4,5,4.0,3.0,4.0,0
Labradane,1,2,3,2,4,4,5,5,4,3,2,3,4,4,4,5,3,4,2,3,1,3,4,2,4,5,3.0,3.0,4.0,2
Labradoodle,3,4,3,4,5,4,5,4,5,5,3,1,4,4,3,4,4,4,1,2,2,3,5,4,5,5,4.0,2.0,4.0,0
Labrador Retriever,1,3,5,2,3,3,5,5,5,5,5,3,5,3,5,4,5,5,5,2,4,3,5,5,5,5,4.0,4.0,4.0,0
Labrastaff,2,2,4,1,3,3,4,4,3,4,4,3,3,4,4,4,2,4,3,3,3,4,4,3,4,4,3.0,4.0,4.0,2
Labsky,2,2,2,2,5,1,5,4,3,3,4,2,2,3,4,4,4,5,3,4,4,4,5,4,5,5,3.0,3.0,4.0,0
Lagotto Romagnolo,2,4,3,3,4,3,3,3,3,3,1,2,1,4,3,2,4,4,2,4,3,3,4,2,4,4,3.0,2.0,4.0,1
Lakeland Terrier,4,3,3,2,4,4,5,4,3,3,2,1,2,5,3,2,2,4,1,4,4,3,5,4,4,4,3.0,2.0,4.0,1
Lancashire Heeler,2,2,3,3,3,3,4,3,3,2,3,1,4,4,4,1,3,4,2,2,2,4,4,4,3,4,3.0,3.0,3.0,2
Leonberger,1,1,4,2,5,1,5,4,3,2,5,3,4,1,4,5,2,3,4,4,3,2,4,4,4,4,2.0,4.0,4.0,2
Lhasa Apso,5,5,5,4,3,2,4,4,3,2,3,1,1,3,3,1,3,4,3,4,4,2,4,3,3,5,4.0,2.0,3.0,1
Lhasapoo,4,2,4,2,3,3,4,3,3,1,1,1,3,4,3,3,3,5,2,2,4,2,4,4,3,4,3.0,2.0,4.0,1
Lowchen,5,4,3,1,3,3,5,5,4,4,3,1,3,5,3,1,5,4,3,4,4,5,4,3,4,5,4.0,2.0,4.0,1
Maltese,5,5,4,1,1,3,5,3,4,2,2,1,2,3,3,1,4,4,3,4,4,1,3,3,2,4,3.0,2.0,2.0,1
Maltese Shih Tzu,5,5,3,3,2,2,4,3,3,3,1,1,2,2,3,1,4,3,4,5,4,1,3,2,3,3,3.0,2.0,2.0,1
Maltipoo,5,5,5,1,2,3,5,4,4,4,1,1,3,2,2,2,5,4,3,2,5,4,3,3,2,4,4.0,1.0,2.0,1
Manchester Terrier,5,3,3,3,1,3,4,3,3,3,3,1,5,2,4,2,2,4,2,4,4,4,4,4,4,4,3.0,3.0,3.0,1
Maremma Sheepdog,1,1,4,2,4,2,4,4,4,1,5,3,2,5,5,4,1,5,2,1,2,2,4,4,4,2,2.0,4.0,4.0,2
Mastador,1,2,4,3,4,2,5,5,3,3,4,4,4,4,4,4,4,4,4,2,2,2,4,4,4,4,3.0,4.0,4.0,2
Mastiff,2,1,3,3,4,1,5,5,2,2,3,5,3,3,4,5,3,2,4,2,2,1,3,3,4,4,3.0,4.0,4.0,2
Miniature Pinscher,5,3,5,2,1,3,5,3,2,3,2,1,5,3,5,1,3,3,2,3,5,5,4,3,4,5,3.0,3.0,3.0,1
Miniature Schnauzer,4,3,4,5,4,4,5,3,3,3,2,1,2,3,4,2,5,4,2,4,3,3,5,3,5,4,4.0,2.0,4.0,1
Morkie,3,2,3,2,2,3,4,3,2,3,1,1,3,4,4,1,3,4,5,3,5,2,4,3,4,5,3.0,2.0,3.0,1
Mountain Cur,1,1,3,2,4,4,4,4,3,2,2,1,4,5,1,4,2,4,2,5,3,4,4,4,5,4,3.0,1.0,4.0,2
Mountain Feist,2,1,4,3,4,3,5,3,3,2,3,4,5,4,1,2,3,3,4,5,4,4,4,4,4,5,3.0,3.0,4.0,2
Mudi,2,4,4,2,3,3,4,2,2,2,3,1,4,4,2,2,5,4,3,4,4,4,4,2,4,4,3.0,2.0,4.0,1
Mutt (Mixed),3,3,3,3,3,3,4,3,3,3,3,3,3,4,3,3,4,4,3,3,3,3,3,3,3,3,3.0,3.0,3.0,2
Neapolitan Mastiff,2,1,4,1,1,2,5,4,2,1,3,5,3,2,5,5,3,3,2,1,1,1,3,1,3,4,2.0,4.0,3.0,2
Newfoundland,1,3,4,1,5,2,5,5,4,4,5,5,2,1,4,5,5,4,3,4,4,3,3,1,3,4,4.0,5.0,3.0,2
Norfolk Terrier,4,5,4,3,4,4,5,4,5,4,1,1,4,5,5,1,5,4,2,1,3,4,4,4,4,5,4.0,2.0,4.0,1
Northern Inuit Dog,1,1,4,1,5,3,5,4,3,5,5,1,2,4,2,4,2,4,4,4,5,5,5,4,5,5,3.0,3.0,4.0,0
Norwegian Buhund,3,3,3,4,5,2,5,5,3,3,3,1,2,4,3,3,4,3,3,2,4,4,4,4,5,5,4.0,2.0,4.0,0
Norwegian Elkhound,4,4,4,2,5,3,5,4,4,4,5,1,3,4,4,3,2,4,3,4,4,4,5,3,5,4,4.0,3.0,4.0,0
Norwegian Lundehund,1,1,3,2,5,3,5,5,5,5,5,1,4,3,3,3,4,5,3,2,1,5,4,4,5,5,4.0,3.0,4.0,0
Norwich Terrier,5,3,4,2,4,4,5,5,5,5,2,1,2,4,5,1,4,4,4,3,4,4,5,4,4,5,4.0,3.0,4.0,1
Nova Scotia Duck Tolling Retriever,5,3,3,2,4,4,5,5,4,4,3,1,5,4,4,3,4,5,4,5,4,3,5,3,5,5,4.0,3.0,4.0,0
Old English Sheepdog,5,4,4,2,4,2,5,4,4,4,1,4,1,4,4,4,3,4,2,3,1,2,4,3,4,4,4.0,3.0,4.0,1
Otterhound,1,4,2,5,4,3,5,5,5,4,4,1,2,4,3,4,2,4,3,5,2,5,5,4,5,5,4.0,3.0,4.0,0
Papillon,5,5,3,1,2,4,5,3,4,5,2,1,3,3,3,1,5,4,3,4,2,1,4,3,5,5,4.0,2.0,3.0,1
Papipoo,5,5,4,1,2,4,5,3,4,4,1,1,2,3,3,1,5,5,3,3,2,2,5,3,5,5,4.0,2.0,4.0,1
Patterdale Terrier,1,2,4,1,4,4,4,4,4,4,2,1,4,4,3,2,3,5,4,5,2,4,4,4,4,4,3.0,2.0,4.0,0
Peekapoo,5,5,4,2,3,2,5,4,4,3,2,1,2,3,4,1,3,4,4,3,4,1,3,2,3,4,4.0,2.0,2.0,1
Pekingese,5,4,2,3,4,1,5,2,2,2,4,1,1,2,3,1,3,4,3,5,4,3,2,1,2,3,3.0,3.0,2.0,1
Pembroke Welsh Corgi,4,4,4,3,4,3,5,4,3,5,5,1,4,3,4,2,5,5,2,3,5,2,4,3,4,4,4.0,3.0,3.0,1
Petit Basset Griffon Vendéen,4,3,3,3,4,3,5,5,5,5,4,1,2,3,4,2,1,4,3,5,5,5,5,4,5,5,4.0,3.0,4.0,0
Pharaoh Hound,4,4,5,2,1,5,5,5,5,4,2,1,4,5,3,3,3,4,4,5,4,4,2,3,4,4,4.0,2.0,4.0,1
Pitsky,2,1,4,1,3,3,5,5,3,5,4,2,3,4,2,3,3,3,4,3,4,4,4,4,5,5,3.0,3.0,4.0,0
Plott,1,1,4,2,2,4,4,3,5,3,2,1,5,5,3,3,4,3,3,5,1,5,4,4,5,3,3.0,2.0,4.0,0
Pocket Beagle,4,3,4,2,2,4,5,5,5,4,3,1,5,3,5,2,3,4,4,3,5,5,4,4,4,4,4.0,3.0,3.0,0
Pointer,1,1,3,1,2,4,5,5,5,5,3,1,5,3,3,3,5,5,5,5,3,5,5,5,5,5,4.0,2.0,4.0,0
Polish Lowland Sheepdog,4,2,4,3,4,4,5,4,3,3,1,1,1,4,3,3,4,4,3,3,2,3,4,3,4,4,4.0,2.0,4.0,1
Pomapoo,5,5,4,1,3,2,5,3,3,3,3,1,1,3,4,1,4,4,3,2,3,1,3,3,3,4,3.0,3.0,2.0,1
Pomchi,4,3,3,3,2,4,4,3,3,3,3,1,2,5,4,1,3,4,4,3,4,3,3,4,3,4,3.0,3.0,3.0,1
Pomeagle,4,4,4,1,3,2,5,3,3,3,4,1,2,3,4,1,3,2,3,3,5,4,4,3,3,4,3.0,3.0,3.0,1
Pomeranian,4,4,4,1,4,2,5,2,2,3,4,1,2,3,4,1,4,4,2,2,5,1,3,2,2,3,3.0,3.0,2.0,1
Pomsky,5,2,4,1,5,3,5,2,3,3,4,1,2,3,3,2,3,4,3,4,5,2,4,2,3,4,3.0,3.0,3.0,1
Poochon,5,5,5,1,3,4,5,5,4,4,1,1,1,3,4,2,5,4,3,3,2,2,4,3,4,5,4.0,2.0,3.0,1
Poodle,5,5,4,1,3,4,5,5,4,4,1,1,1,2,4,4,5,5,4,2,2,3,4,3,4,5,4.0,2.0,4.0,1
Portuguese Podengo Pequeno,5,4,3,3,2,3,4,4,4,4,3,1,4,4,2,1,4,3,3,4,4,3,5,3,3,3,4.0,2.0,3.0,1
Portuguese Pointer,1,1,4,1,3,3,4,4,2,4,1,3,4,4,4,3,4,4,3,4,2,3,4,5,4,4,3.0,3.0,4.0,2
Portuguese Sheepdog,2,2,4,2,4,3,4,4,4,2,2,1,4,5,4,4,3,5,3,2,4,2,4,3,4,3,3.0,2.0,4.0,2
Portuguese Water Dog,4,3,4,2,4,3,5,5,5,3,1,1,2,4,3,3,4,5,5,3,3,3,5,3,5,5,4.0,2.0,4.0,0
Pudelpointer,2,3,1,2,3,3,4,3,3,3,3,2,3,4,3,4,4,4,3,4,2,4,4,3,5,3,3.0,3.0,4.0,2
Pug,5,5,3,1,2,1,5,4,4,4,5,1,5,1,5,2,3,2,2,3,2,2,3,4,3,5,4.0,4.0,2.0,1
Pugalier,5,5,5,2,2,2,5,5,5,5,4,1,4,3,5,2,4,3,3,3,3,2,3,3,3,5,4.0,3.0,3.0,1
Puggle,4,5,3,3,3,3,3,5,5,5,3,1,5,4,5,2,2,3,3,2,4,5,3,2,3,3,4.0,3.0,3.0,1
Puli,4,1,4,2,4,3,5,5,5,2,1,1,1,5,3,3,2,4,3,4,4,5,5,5,5,5,4.0,2.0,4.0,0
Pyredoodle,3,4,3,3,4,3,5,4,4,3,2,2,3,4,3,4,3,5,3,2,3,5,4,3,4,5,4.0,2.0,4.0,0
Pyrenean Mastiff,2,2,4,4,4,3,4,4,4,1,3,5,3,4,2,5,3,4,2,2,3,1,4,4,3,3,3.0,3.0,4.0,2
Pyrenean Shepherd,5,2,4,1,4,3,5,5,2,2,3,1,3,2,3,2,2,4,3,4,5,2,4,5,5,5,3.0,2.0,3.0,1
Rat Terrier,5,3,4,3,1,4,4,5,3,4,4,1,5,4,3,1,5,4,2,4,4,4,5,4,4,5,4.0,3.0,4.0,1
Redbone Coonhound,4,2,5,2,3,2,5,5,4,3,2,4,5,3,3,3,3,4,4,4,4,5,4,4,5,5,4.0,3.0,4.0,0
Rhodesian Ridgeback,1,2,4,2,3,3,5,4,4,3,4,1,5,4,3,4,2,4,3,5,1,5,4,4,5,5,3.0,3.0,4.0,0
Rottador,3,2,5,1,4,3,5,4,3,3,4,4,5,2,5,4,4,5,4,3,4,3,5,5,5,5,3.0,4.0,4.0,0
Rottle,4,3,3,3,3,3,5,4,3,3,2,2,4,4,3,3,5,5,3,3,2,2,4,3,4,5,4.0,2.0,4.0,1
Rottweiler,2,1,4,1,2,3,5,4,2,4,4,4,5,2,5,3,4,5,3,4,4,2,4,4,4,5,3.0,4.0,3.0,0
Saint Berdoodle,2,5,3,2,4,3,5,5,5,4,3,1,4,4,3,4,4,4,3,3,3,3,3,3,3,3,4.0,2.0,4.0,1
Saint Bernard,3,2,4,1,5,1,5,5,5,5,4,5,2,2,4,5,2,4,3,1,1,2,3,2,2,4,3.0,4.0,3.0,2
Saluki,1,2,5,1,2,3,5,4,4,1,2,1,4,4,1,4,4,4,4,5,1,5,5,2,5,5,3.0,1.0,4.0,0
Samoyed,2,2,4,2,5,1,5,5,5,5,5,2,1,3,4,3,3,3,3,5,3,4,5,2,5,5,4.0,4.0,4.0,0
Samusky,2,3,3,2,5,3,4,5,4,4,4,2,2,3,4,4,3,5,3,3,2,4,5,3,4,5,4.0,3.0,4.0,0
Schipperke,4,2,4,3,3,2,4,5,2,2,3,1,5,4,5,1,2,4,3,2,4,5,5,3,5,5,3.0,3.0,4.0,1
Schnoodle,3,5,4,2,2,4,4,5,3,3,2,1,4,3,4,4,4,5,3,3,2,3,4,3,4,4,4.0,2.0,4.0,1
Scottish Deerhound,1,1,3,2,4,4,5,4,2,5,5,1,2,3,4,5,2,3,4,5,1,4,5,5,5,5,3.0,3.0,4.0,0
Scottish Terrier,4,2,4,3,4,3,5,4,4,4,2,1,2,4,3,2,1,4,3,3,4,5,4,4,4,4,4.0,2.0,4.0,1
Sealyham Terrier,4,4,4,2,4,3,4,4,4,3,4,3,1,5,3,2,3,4,2,2,4,3,4,2,4,4,4.0,3.0,4.0,1
Sheepadoodle,4,4,5,2,4,3,5,5,4,4,1,1,3,4,4,4,3,5,3,1,2,2,4,3,4,5,4.0,2.0,4.0,1
Shepsky,1,1,4,2,4,3,5,4,3,4,4,2,3,4,2,4,4,5,4,4,3,2,5,4,5,5,3.0,3.0,4.0,0
Shetland Sheepdog,2,3,5,2,4,3,5,5,4,5,5,1,2,4,3,2,5,5,1,3,4,2,4,2,4,4,4.0,3.0,4.0,0
Shiba Inu,5,4,3,5,4,3,4,3,3,3,4,1,4,3,2,2,2,4,4,3,4,4,4,2,3,3,4.0,2.0,3.0,1
Shichon,5,4,4,1,2,2,5,5,4,4,1,1,4,4,3,2,3,4,1,1,2,1,4,2,3,5,4.0,2.0,3.0,1
Shih-Poo,5,2,4,2,3,2,5,3,2,4,1,1,2,3,4,1,2,4,3,2,2,2,3,1,2,4,3.0,2.0,2.0,1
Shih Tzu,5,5,3,3,3,1,5,4,4,5,3,1,1,3,4,1,3,4,4,4,2,2,2,3,2,4,4.0,3.0,2.0,1
Shikoku,3,2,3,3,5,4,4,3,2,2,4,1,4,5,4,3,2,4,2,4,2,3,3,3,3,2,3.0,3.0,4.0,2
Shiloh Shepherd,1,2,4,2,5,4,5,5,4,5,4,3,4,3,4,5,5,5,4,1,4,3,4,4,4,5,4.0,4.0,4.0,0
Shiranian,4,4,4,2,2,1,5,3,3,4,2,2,2,2,3,2,2,4,1,1,2,2,2,3,2,4,3.0,2.0,2.0,1
Shollie,1,2,3,2,4,4,4,4,3,2,4,2,3,3,4,4,4,4,3,3,3,4,5,4,4,4,3.0,3.0,4.0,2
Shorkie,5,3,3,1,2,2,4,3,2,3,2,1,4,2,3,1,2,3,2,4,4,3,4,3,2,5,3.0,2.0,2.0,1
Siberian Husky,2,1,4,1,5,3,5,5,5,5,4,3,2,4,2,3,2,3,4,3,5,5,5,3,5,5,3.0,3.0,4.0,0
Silken Windhound,4,4,4,2,4,4,5,4,3,4,2,2,4,4,2,3,5,4,3,5,1,4,4,2,4,5,4.0,2.0,4.0,1
Silky Terrier,5,3,3,3,1,4,4,3,2,3,2,1,4,4,3,1,4,4,2,5,4,3,4,4,3,4,3.0,2.0,3.0,1
Skye Terrier,4,4,3,2,4,4,4,4,2,5,3,1,3,5,3,2,2,4,3,4,4,4,3,4,3,4,4.0,2.0,3.0,1
Sloughi,4,2,4,3,2,3,5,5,4,3,3,1,5,3,2,4,3,4,3,5,2,3,5,3,5,3,4.0,2.0,4.0,0
Small Munsterlander Pointer,1,2,3,4,5,3,5,5,5,4,3,1,3,5,3,3,5,5,3,5,3,4,4,5,5,4,4.0,2.0,4.0,0
Soft Coated Wheaten Terrier,5,4,4,2,2,3,5,5,5,5,2,1,3,4,3,3,4,4,2,3,3,4,4,3,4,5,4.0,2.0,4.0,1
Spanish Mastiff,2,1,3,3,4,3,4,4,2,2,3,2,3,4,3,5,2,4,2,1,1,2,3,2,3,4,3.0,3.0,4.0,2
Spinone Italiano,4,4,5,2,4,3,5,5,5,5,3,4,2,3,2,4,4,4,2,4,2,2,4,2,4,4,4.0,3.0,4.0,1
Springador,2,3,4,1,4,4,4,3,3,3,1,2,4,4,4,4,5,5,2,4,3,4,4,3,4,4,3.0,2.0,4.0,0
Stabyhoun,2,3,4,3,2,2,5,5,4,3,3,1,3,5,3,3,5,5,1,4,3,3,3,4,4,5,4.0,2.0,4.0,0
Staffordshire Bull Terrier,3,1,4,2,3,1,5,5,1,5,3,3,5,3,4,2,2,3,2,2,3,4,3,3,4,5,3.0,3.0,3.0,2
Staffy Bull Bullmastiff,4,1,3,2,3,1,5,4,1,1,3,2,4,3,2,4,1,3,3,2,1,2,1,4,1,3,2.0,2.0,2.0,2
Standard Schnauzer,4,2,4,2,4,4,4,4,3,2,1,1,2,5,1,3,3,5,3,5,2,5,5,3,5,5,3.0,1.0,4.0,0
Sussex Spaniel,5,5,5,1,5,5,5,5,5,5,3,1,4,4,5,2,3,5,2,1,4,1,2,1,2,4,4.0,3.0,2.0,1
Swedish Lapphund,2,2,4,2,5,2,4,4,4,4,4,2,2,3,2,3,4,5,4,2,4,2,3,4,3,4,3.0,3.0,3.0,2
Swedish Vallhund,3,1,3,3,4,3,5,4,3,5,4,1,5,4,4,3,5,5,2,4,1,3,5,3,5,5,4.0,3.0,4.0,0
Taiwan Dog,3,2,3,2,4,4,4,3,4,2,3,3,4,4,3,3,4,4,3,4,3,4,4,3,4,4,3.0,3.0,4.0,2
Terripoo,5,5,2,1,3,4,5,4,3,3,1,1,3,3,3,1,4,5,2,4,3,3,5,3,4,5,4.0,2.0,3.0,1
Texas Heeler,2,3,3,3,4,3,4,3,3,3,4,2,3,3,5,3,3,5,4,3,2,4,5,3,5,4,3.0,4.0,4.0,2
Thai Ridgeback,2,2,2,2,4,3,3,2,3,3,3,2,4,4,3,3,2,4,2,4,2,4,4,4,4,3,3.0,3.0,4.0,2
Tibetan Mastiff,1,1,5,1,5,2,5,5,5,2,2,2,4,3,4,5,1,5,5,3,2,3,4,2,2,5,3.0,3.0,4.0,2
Tibetan Spaniel,5,4,5,1,1,2,5,5,4,3,3,1,4,5,3,1,4,4,3,3,4,3,3,3,4,4,4.0,2.0,3.0,1
Tibetan Terrier,5,3,4,1,4,4,5,5,4,3,1,1,1,5,3,2,4,4,2,2,4,3,5,4,5,5,4.0,2.0,4.0,1
Toy Fox Terrier,5,3,4,1,2,3,5,4,3,3,4,1,5,5,2,1,3,4,2,5,4,4,5,4,5,5,4.0,2.0,4.0,1
Transylvanian Hound,3,2,2,3,3,3,4,3,3,2,3,3,4,4,3,3,2,4,3,4,3,4,4,4,5,4,3.0,3.0,4.0,2
Treeing Tennessee Brindle,1,2,3,2,3,3,4,4,4,3,4,3,5,4,3,3,3,4,3,4,1,1,4,4,5,3,3.0,3.0,4.0,2
Treeing Walker Coonhound,1,2,5,2,3,3,4,4,3,3,3,2,5,4,3,4,2,4,3,4,5,5,4,4,5,3,3.0,3.0,4.0,0
Valley Bulldog,4,3,4,2,1,1,5,4,3,4,4,3,5,3,4,4,3,3,2,3,4,1,4,4,4,4,3.0,4.0,4.0,1
Vizsla,1,3,5,1,1,4,5,5,5,5,2,1,5,4,2,3,5,4,4,2,5,5,5,4,5,5,4.0,2.0,4.0,0
Weimaraner,1,2,5,1,3,4,5,4,3,3,4,4,5,3,2,4,4,5,5,5,2,5,5,5,5,5,3.0,3.0,4.0,0
Welsh Springer Spaniel,4,4,5,1,4,4,5,5,4,3,3,1,4,4,4,3,5,5,3,3,5,5,5,4,5,4,4.0,3.0,4.0,0
Welsh Terrier,3,3,3,2,2,2,4,5,5,4,2,1,2,5,3,2,3,5,2,5,4,4,5,5,5,5,4.0,2.0,4.0,0
West Highland White Terrier,4,4,4,2,4,3,5,4,5,3,4,1,3,3,4,2,4,4,2,4,4,3,4,4,4,4,4.0,3.0,3.0,1
Westiepoo,3,4,4,1,3,3,4,4,4,4,1,1,5,4,4,2,4,4,3,4,3,3,4,4,4,5,4.0,2.0,4.0,1
Whippet,5,3,5,2,1,4,5,5,4,4,2,1,5,4,1,3,4,4,4,5,1,4,5,2,5,5,4.0,1.0,4.0,1
Whoodle,4,1,3,1,4,2,4,4,3,4,2,1,3,4,2,3,2,4,1,2,1,3,4,4,4,4,3.0,2.0,4.0,2
Wirehaired Pointing Griffon,1,3,4,1,4,3,5,5,4,5,1,1,3,4,3,3,5,5,3,4,4,4,5,3,4,5,4.0,2.0,4.0,0
Xoloitzcuintli,5,1,5,1,3,3,5,3,2,1,1,1,5,5,3,3,3,5,3,5,5,5,3,3,3,3,3.0,2.0,4.0,1
Yakutian Laika,1,3,3,1,5,3,5,4,4,4,4,2,3,4,3,3,4,4,2,3,4,3,4,3,5,4,3.0,3.0,4.0,0
Yorkipoo,5,5,4,3,2,3,5,4,3,2,1,1,4,3,2,1,4,4,3,3,5,2,5,3,3,4,4.0,1.0,3.0,1
Yorkshire Terrier,5,4,5,2,2,2,4,2,3,2,2,1,2,4,2,1,3,3,2,2,3,3,5,4,4,5,3.0,2.0,4.0,1
