Name,Adapts Well To Apartment Living,Good For Novice Owners,Sensitivity Level,Tolerates Being Alone,Tolerates Cold Weather,Tolerates Hot Weather,Affectionate With Family,Kid-Friendly,Dog Friendly,Friendly Toward Strangers,Amount Of Shedding,Drooling Potential,Easy To Groom,General Health,Potential For Weight Gain,Size,Easy To Train,Intelligence,Potential For Mouthiness,Prey Drive,Tendency To Bark Or Howl,Wanderlust Potential,Energy Level,Intensity,Exercise Needs,Potential For Playfulness,Behaviour,b_physical,g_physical
Afador,1,1,3,3,4,2,4,2,3,1,4,3,2,3,4,4,1,5,4,4,4,4,4,4,4,3,2.0,4.0,4.0
Affenhuahua,4,4,4,1,2,3,4,3,2,2,2,1,4,4,5,1,3,3,4,2,4,2,4,3,3,3,3.0,3.0,3.0
Affenpinscher,5,4,3,1,3,3,5,1,4,3,1,1,3,4,3,1,2,4,4,3,2,2,4,3,3,4,3.0,2.0,3.0
Afghan Hound,5,3,5,2,5,5,5,5,4,2,4,1,1,3,1,4,1,4,3,5,2,5,5,2,4,4,4.0,2.0,4.0
Akbash,1,2,3,4,4,2,5,4,3,2,4,2,3,4,4,4,3,4,3,1,3,1,2,2,2,3,3.0,3.0,3.0
Akita,2,2,5,1,5,2,5,1,1,2,5,5,1,4,4,4,2,3,3,4,5,4,4,3,4,5,2.0,5.0,4.0
Akita Chow,2,1,4,2,5,2,1,1,1,2,4,3,1,2,4,4,2,4,3,4,2,3,4,4,4,2,2.0,4.0,4.0
Akita Pit,3,1,2,4,3,3,4,3,3,2,3,3,4,4,4,4,3,4,3,4,3,1,3,4,3,3,3.0,3.0,4.0
Akita Shepherd,3,3,2,3,4,3,4,3,3,3,4,2,3,3,3,4,4,4,2,3,1,2,3,3,4,3,3.0,3.0,4.0
Alaskan Klee Kai,3,2,4,2,5,2,4,3,2,2,4,2,4,4,2,2,4,4,2,5,3,4,4,2,4,4,3.0,3.0,4.0
Alaskan Malamute,1,1,4,1,5,2,4,3,2,5,5,1,1,4,3,4,4,4,3,4,5,5,5,5,5,5,3.0,3.0,4.0
American Bulldog,1,1,4,1,2,2,5,4,2,2,1,4,4,3,2,4,4,3,2,4,2,3,4,4,4,4,3.0,2.0,4.0
American English Coonhound,1,2,5,2,4,4,5,5,4,5,3,1,5,4,3,3,5,4,3,5,5,5,5,5,5,5,4.0,2.0,4.0
American Eskimo Dog,5,4,4,2,5,3,5,5,5,4,5,1,3,5,4,2,5,4,3,3,4,3,5,3,4,5,4.0,3.0,4.0
American Foxhound,1,2,2,1,4,4,4,5,5,4,3,1,5,5,5,3,2,3,3,4,5,5,5,4,5,5,3.0,3.0,4.0
American Hairless Terrier,4,3,3,2,1,3,4,4,3,3,1,1,5,4,4,2,3,4,3,4,3,3,4,3,3,5,3.0,2.0,3.0
American Leopard Hound,2,4,3,3,4,4,5,4,4,3,2,2,4,4,2,4,4,4,3,4,4,4,4,3,4,4,4.0,2.0,4.0
American Pit Bull Terrier,3,2,4,1,2,3,5,5,1,5,4,1,5,4,3,3,4,4,5,3,3,4,4,5,4,5,3.0,3.0,4.0
American Pugabull,3,3,4,1,2,3,5,4,3,3,3,3,4,2,3,3,3,3,2,4,4,2,4,4,3,5,3.0,3.0,3.0
American Staffordshire Terrier,2,2,3,2,2,3,4,4,2,4,2,3,4,3,2,3,4,4,5,3,4,3,3,5,3,4,3.0,2.0,3.0
American Water Spaniel,2,2,5,1,2,4,5,5,2,3,3,1,3,3,3,3,4,3,5,2,3,5,5,2,5,5,3.0,2.0,4.0
Anatolian Shepherd Dog,1,2,4,3,5,3,3,2,2,1,2,3,4,3,3,5,4,4,2,2,2,4,3,3,3,3,3.0,3.0,4.0
Appenzeller Sennenhunde,1,3,3,1,5,4,5,5,3,2,3,1,5,4,3,3,4,4,5,3,5,3,4,4,5,4,3.0,2.0,4.0
Auggie,2,3,4,3,4,3,5,5,5,4,4,1,2,3,4,3,5,5,3,3,4,3,5,4,5,5,4.0,3.0,4.0
Aussiedoodle,2,3,3,2,3,3,5,4,4,4,3,4,3,4,4,3,5,5,3,3,2,3,5,4,5,5,4.0,4.0,4.0
Aussiepom,3,2,3,2,3,3,4,3,4,4,3,2,2,4,4,3,4,4,4,2,3,2,5,3,4,5,3.0,3.0,4.0
Australian Cattle Dog,2,1,4,3,4,4,5,3,4,2,3,1,4,5,4,3,5,5,5,4,2,4,5,5,5,5,3.0,3.0,4.0
Australian Kelpie,2,2,4,2,3,5,4,2,3,2,3,1,4,3,2,3,5,5,5,4,4,4,5,3,5,4,3.0,2.0,4.0
Australian Retriever,1,4,3,2,4,4,4,4,3,3,3,2,3,4,4,4,4,4,2,3,2,4,5,3,5,4,3.0,3.0,4.0
Australian Shepherd,1,2,5,2,4,4,5,4,5,3,3,1,1,2,4,3,5,5,4,4,4,5,5,4,5,5,4.0,3.0,4.0
Australian Shepherd Husky,1,2,4,1,5,4,5,3,2,2,4,2,3,3,4,4,4,5,3,4,5,5,5,5,5,5,3.0,3.0,4.0
Australian Shepherd Lab Mix,2,2,5,4,5,4,4,4,4,4,4,2,4,4,3,4,5,5,4,3,3,5,5,5,5,5,4.0,3.0,4.0
Australian Shepherd Pit Bull Mix,2,3,3,2,3,3,4,4,3,3,4,2,3,4,5,4,4,4,3,4,2,3,4,3,4,4,3.0,4.0,4.0
Australian Stumpy Tail Cattle Dog,1,2,3,2,4,4,3,3,2,2,4,2,3,4,4,3,3,4,3,3,2,4,5,4,5,3,3.0,3.0,4.0
Australian Terrier,5,3,2,2,3,4,4,3,2,3,1,1,5,5,3,1,3,4,1,5,5,4,5,5,4,5,3.0,2.0,4.0
Azawakh,5,2,3,3,1,5,4,2,3,2,3,1,5,3,3,4,3,3,3,4,1,2,3,2,4,3,3.0,2.0,4.0
Barbet,3,2,3,1,4,4,5,4,4,3,2,1,1,4,3,3,4,4,2,3,3,3,5,3,3,4,3.0,2.0,4.0
Basenji,5,4,3,4,1,4,5,5,4,5,1,1,5,2,2,2,1,4,5,5,1,5,5,1,5,2,4.0,1.0,4.0
Bassador,2,2,3,3,4,4,3,3,3,3,5,4,3,3,3,4,2,3,2,4,3,3,3,2,4,3,3.0,4.0,4.0
Basset Fauve de Bretagne,4,4,3,3,3,1,5,4,4,3,2,1,4,5,1,2,3,5,3,3,2,1,4,2,4,3,4.0,1.0,4.0
Basset Retriever,3,3,2,2,4,4,4,4,3,4,2,2,4,4,4,3,4,5,3,5,2,4,4,2,4,4,4.0,3.0,4.0
Bavarian Mountain Scent Hound,2,3,2,2,2,3,5,4,3,2,1,2,3,4,2,3,3,4,2,4,2,2,4,2,4,4,3.0,2.0,4.0
Beabull,4,3,4,4,2,2,5,5,4,3,4,3,5,3,4,3,3,3,4,4,4,4,3,4,3,5,4.0,4.0,3.0
Beagle,4,3,4,1,2,4,5,5,5,5,3,1,4,1,5,2,1,4,3,5,5,5,4,5,4,5,4.0,3.0,3.0
Beaglier,5,4,4,1,2,3,5,5,5,5,3,1,4,2,5,2,2,4,3,3,4,4,3,3,4,5,4.0,3.0,3.0
Bearded Collie,3,4,4,2,4,3,5,4,5,4,4,1,2,3,4,3,5,4,3,3,3,5,4,4,4,5,4.0,3.0,4.0
Bedlington Terrier,4,4,3,3,4,3,5,4,4,5,5,1,1,4,3,3,3,5,4,5,3,4,4,2,4,5,4.0,3.0,4.0
Belgian Laekenois,3,3,2,2,3,3,4,4,4,3,3,3,4,3,3,4,3,4,2,4,2,3,4,3,4,4,3.0,3.0,4.0
Belgian Malinois,1,3,5,3,4,4,5,4,2,3,2,1,5,4,2,4,5,5,3,4,2,3,5,4,5,5,3.0,2.0,4.0
Belgian Sheepdog,3,3,5,3,4,3,4,5,5,4,5,1,3,3,2,4,5,5,2,5,1,4,5,3,5,5,4.0,3.0,4.0
Belgian Tervuren,3,3,5,1,4,3,4,3,3,3,4,1,3,3,2,4,5,5,2,2,5,4,5,3,4,5,3.0,2.0,4.0
Bergamasco Sheepdog,3,4,2,3,4,3,4,5,4,4,2,1,4,5,2,3,3,5,2,2,3,3,4,2,3,4,4.0,2.0,4.0
Berger Picard,3,4,5,3,4,3,5,5,3,2,4,1,5,5,3,4,4,4,2,3,2,2,5,3,5,5,4.0,3.0,5.0
Bernedoodle,3,3,4,2,5,3,5,5,4,3,1,2,3,4,3,3,4,5,4,3,3,3,4,3,3,5,4.0,2.0,4.0
Bernese Mountain Dog,1,2,4,1,5,1,5,5,3,5,5,4,3,1,4,5,4,4,5,5,4,3,4,3,3,4,3.0,4.0,3.0
Bichon Frise,5,5,5,1,3,4,5,4,4,5,2,1,1,4,4,2,5,4,3,4,2,2,5,3,3,5,4.0,2.0,4.0
Biewer Terrier,5,3,3,3,2,3,5,4,3,3,1,1,4,4,3,1,3,4,3,1,3,1,5,3,3,4,3.0,2.0,3.0
Black and Tan Coonhound,1,2,3,2,4,4,5,5,5,5,5,3,4,5,5,3,2,5,1,5,5,5,5,5,5,5,4.0,4.0,4.0
Black Mouth Cur,1,2,4,2,3,3,5,5,3,3,3,2,5,4,2,4,3,4,3,5,4,4,4,3,5,4,3.0,2.0,4.0
Black Russian Terrier,3,2,4,2,4,3,4,5,2,2,3,3,2,3,3,5,4,4,4,2,3,3,3,5,4,5,3.0,3.0,4.0
Bloodhound,1,2,4,2,3,3,5,5,5,5,4,5,1,3,3,4,3,4,5,3,4,5,5,4,5,3,4.0,4.0,4.0
Blue Lacy,1,1,4,2,4,5,4,3,2,2,3,2,5,4,2,3,5,5,4,5,5,4,5,5,5,4,3.0,2.0,4.0
Bluetick Coonhound,2,2,5,2,3,3,5,5,3,3,2,2,5,4,3,3,2,4,3,4,4,5,5,4,5,5,3.0,2.0,4.0
Bocker,5,3,5,1,3,4,5,4,4,4,3,1,3,3,4,2,4,4,4,5,5,5,4,3,4,4,4.0,3.0,3.0
Boerboel,1,1,3,2,3,4,4,4,2,2,3,4,4,4,3,5,2,4,3,3,3,4,3,4,4,4,3.0,3.0,4.0
Boglen Terrier,4,4,4,2,2,3,5,5,5,5,2,1,4,3,3,2,2,2,4,4,4,5,4,5,4,5,4.0,2.0,3.0
Bohemian Shepherd,2,3,4,2,4,3,4,4,4,3,4,1,4,4,3,3,4,5,2,2,2,3,4,3,4,5,3.0,3.0,4.0
Bolognese,5,3,5,2,2,3,5,5,5,5,1,1,1,5,3,1,5,4,4,5,4,1,3,3,4,3,4.0,2.0,3.0
Borador,3,3,2,2,3,3,5,4,4,4,4,3,3,3,4,4,4,5,3,3,2,3,4,3,4,5,4.0,4.0,4.0
Border Collie,2,2,5,1,4,4,5,4,3,5,3,1,3,2,3,3,5,5,3,3,2,3,5,3,5,5,4.0,2.0,4.0
Border Sheepdog,2,3,2,2,4,2,5,4,3,3,3,1,3,4,2,3,4,5,4,3,4,2,5,3,5,4,3.0,2.0,4.0
Border Terrier,4,3,3,1,4,3,5,4,2,5,3,1,2,4,5,2,3,5,5,5,1,4,4,4,5,5,4.0,3.0,4.0
Bordoodle,4,4,3,3,4,4,4,5,3,2,2,2,4,4,3,3,4,5,3,2,2,3,3,2,3,4,4.0,2.0,3.0
Borzoi,5,3,5,1,4,3,4,3,4,4,5,1,4,4,2,5,3,4,3,5,2,4,2,2,2,3,4.0,3.0,3.0
BoShih,5,4,3,1,2,2,4,2,3,4,2,1,5,3,3,2,2,3,1,1,2,2,3,2,3,5,3.0,2.0,3.0
Bossie,2,2,3,5,3,3,4,4,4,4,2,1,3,3,3,3,4,4,3,3,3,5,4,4,5,5,4.0,2.0,4.0
Boston Boxer,4,3,3,2,3,3,4,4,4,2,3,3,4,4,4,3,3,4,3,3,3,2,4,3,4,5,3.0,3.0,4.0
Boston Terrier,5,4,5,3,3,2,4,5,5,4,2,1,5,4,3,2,4,4,2,2,3,5,4,5,4,5,4.0,2.0,4.0
Boston Terrier Pekingese Mix,4,3,3,2,2,2,4,4,3,3,2,2,4,4,4,1,2,4,3,2,4,2,3,3,3,4,3.0,3.0,3.0
Bouvier des Flandres,3,2,4,2,4,2,5,5,2,2,1,1,2,3,4,4,5,4,2,2,4,2,4,5,4,4,3.0,2.0,4.0
Boxador,2,2,3,1,2,2,5,4,4,4,4,2,5,2,4,4,5,5,3,2,3,3,5,5,5,5,4.0,3.0,4.0
Boxer,4,3,4,1,2,1,5,4,3,4,4,2,5,2,4,3,4,4,2,3,3,3,5,5,5,5,4.0,3.0,4.0
Boxerdoodle,1,3,3,2,3,3,4,3,4,3,2,2,3,3,4,3,4,4,2,3,2,4,4,4,4,5,3.0,3.0,4.0
Boxmatian,1,2,3,2,2,4,4,3,2,1,3,2,3,5,4,5,3,4,4,3,3,4,5,4,5,4,3.0,3.0,5.0
Boxweiler,2,3,4,2,3,2,5,4,4,2,3,2,3,3,4,4,4,4,2,2,3,1,4,3,4,4,3.0,3.0,4.0
Boykin Spaniel,1,3,4,3,3,4,5,5,4,3,4,1,1,2,4,3,4,4,4,2,3,4,5,5,5,4,4.0,3.0,4.0
Bracco Italiano,1,2,4,3,3,3,5,4,5,3,3,2,5,2,3,4,3,4,2,5,2,3,4,4,5,4,3.0,3.0,4.0
Braque du Bourbonnais,1,3,3,2,2,3,5,4,4,4,2,1,4,4,1,3,4,4,3,4,3,2,5,2,5,3,3.0,1.0,4.0
Briard,3,3,4,3,4,3,4,5,5,2,1,1,1,3,3,4,4,4,2,3,4,5,4,4,4,4,4.0,2.0,4.0
Brittany,1,3,5,1,4,3,5,5,5,4,3,5,3,4,3,3,3,5,3,5,3,4,5,3,5,5,4.0,4.0,4.0
Broholmer,2,4,3,3,3,3,5,4,3,3,3,2,4,4,3,5,4,4,3,2,3,2,3,3,3,3,3.0,3.0,4.0
Brussels Griffon,5,2,5,1,1,2,5,4,4,3,3,3,3,3,3,1,3,4,3,1,4,5,5,3,4,5,4.0,3.0,3.0
Bugg,5,4,3,2,2,3,4,3,2,3,2,2,4,4,4,2,3,4,4,3,4,2,4,3,2,4,3.0,3.0,3.0
Bull Arab,2,1,2,3,4,4,3,3,1,2,2,2,4,4,3,4,2,4,3,5,2,4,4,5,4,2,2.0,2.0,4.0
Bull-Pei,4,2,3,3,1,1,3,2,2,2,4,3,4,3,4,3,3,2,4,2,2,1,2,2,2,2,2.0,4.0,2.0
Bull Terrier,4,3,5,2,1,4,5,5,4,5,3,1,5,4,5,2,5,4,4,4,1,5,4,5,5,5,4.0,3.0,4.0
Bullador,2,2,4,2,2,2,4,4,4,4,4,4,4,3,5,4,4,4,2,4,4,3,4,4,4,4,3.0,4.0,4.0
Bullboxer Pit,1,2,3,2,2,2,4,4,2,2,4,4,4,4,4,3,2,4,4,5,4,3,5,5,5,4,3.0,4.0,4.0
Bulldog,5,4,4,3,1,1,5,4,2,5,3,5,5,4,5,2,3,2,2,2,4,1,2,3,3,4,3.0,4.0,3.0
Bullmastiff,3,2,4,2,4,2,5,5,4,3,1,5,5,2,5,5,3,3,3,3,4,3,2,4,3,5,3.0,4.0,3.0
Bullmatian,2,1,3,3,2,2,4,5,4,3,2,3,4,4,4,3,1,4,3,3,2,3,5,4,4,4,3.0,3.0,4.0
Cairn Terrier,5,4,3,1,4,4,5,5,4,4,3,1,5,4,3,1,2,5,3,4,4,3,5,4,4,5,4.0,2.0,4.0
Canaan Dog,4,2,4,3,3,5,4,2,3,2,4,1,5,5,2,3,5,4,3,3,3,2,4,3,3,4,3.0,2.0,4.0
Cane Corso,1,1,3,1,3,4,4,2,3,2,3,4,5,3,4,4,4,5,2,5,3,2,4,3,5,2,2.0,4.0,4.0
Cardigan Welsh Corgi,4,4,4,3,4,3,5,4,3,3,4,1,3,4,4,2,4,5,2,4,4,3,3,3,3,4,4.0,3.0,3.0
Catahoula Bulldog,1,1,2,3,1,5,4,3,2,1,1,1,5,4,3,4,2,3,4,5,3,3,5,5,5,4,2.0,2.0,4.0
Catahoula Leopard Dog,1,1,2,2,3,3,5,3,1,1,3,1,5,3,3,4,2,3,3,1,3,3,4,3,5,2,2.0,2.0,4.0
Caucasian Shepherd Dog,2,1,2,3,5,2,4,2,2,2,4,4,2,3,4,5,2,4,4,3,3,2,2,4,2,3,2.0,4.0,3.0
Cav-a-Jack,4,4,3,1,3,3,4,4,4,4,2,2,4,3,4,2,4,4,3,4,3,3,4,3,4,5,4.0,3.0,3.0
Cavachon,5,5,5,1,3,3,5,5,5,5,2,1,2,4,4,2,4,4,3,4,3,2,4,3,4,5,4.0,2.0,4.0
Cavador,3,5,4,2,3,3,5,5,4,3,3,2,4,4,4,3,4,4,2,3,3,3,4,3,4,5,4.0,3.0,4.0
Cavalier King Charles Spaniel,5,5,5,1,3,2,5,5,5,5,3,1,4,4,4,2,4,4,3,3,2,2,3,2,4,5,4.0,3.0,3.0
Cavapoo,3,3,3,2,4,3,5,5,4,4,2,1,3,3,4,2,4,4,3,3,2,3,3,2,3,5,4.0,2.0,3.0
Central Asian Shepherd Dog,1,1,4,2,5,2,3,3,4,2,4,5,5,5,3,4,2,5,2,1,3,2,3,3,4,2,2.0,4.0,4.0
Cesky Terrier,5,4,4,3,3,3,5,3,2,3,1,1,4,5,4,2,4,3,3,2,3,3,2,3,3,5,4.0,2.0,3.0
Chabrador,4,2,4,3,4,1,4,4,2,2,4,3,4,4,3,3,2,4,4,4,3,3,3,4,3,4,3.0,3.0,3.0
Cheagle,4,4,4,1,1,2,5,3,3,2,3,1,5,3,4,2,2,4,3,4,4,3,4,4,3,4,3.0,3.0,3.0
Chesapeake Bay Retriever,1,1,3,2,4,4,5,3,1,1,5,3,5,4,4,3,3,4,3,3,3,4,5,5,5,4,2.0,4.0,4.0
Chi Chi,4,2,4,2,2,3,3,3,2,3,2,1,4,4,4,2,3,4,3,3,4,2,4,4,3,4,3.0,2.0,3.0
Chi-Poo,5,5,5,4,2,3,5,5,3,3,2,1,3,2,3,2,5,5,3,3,3,3,3,2,2,4,4.0,2.0,2.0
Chigi,3,4,5,2,3,2,5,5,2,2,4,1,5,3,3,1,4,4,2,3,2,3,4,4,4,4,3.0,3.0,3.0
Chihuahua,5,4,5,1,1,2,5,5,2,2,2,1,5,2,3,1,4,4,3,3,3,2,3,2,1,4,3.0,2.0,2.0
Chilier,4,2,4,2,2,2,4,4,4,3,2,3,4,4,3,2,2,4,3,3,3,2,4,4,3,4,3.0,3.0,3.0
Chinese Crested,5,3,5,1,1,3,4,5,4,4,2,1,2,5,2,2,4,3,4,3,3,1,2,1,2,3,3.0,2.0,3.0
Chinese Shar-Pei,4,2,2,4,2,1,2,2,1,2,2,2,5,1,4,3,3,2,5,2,5,2,2,1,3,1,2.0,3.0,2.0
Chinook,4,1,5,1,5,4,5,5,5,4,5,1,2,4,3,4,4,5,3,2,2,2,3,3,3,4,4.0,3.0,4.0
Chion,4,3,3,2,2,3,5,3,3,2,2,2,3,4,4,2,3,3,4,3,4,1,4,3,2,4,3.0,3.0,3.0
Chipin,5,4,5,1,1,2,5,4,2,2,2,1,5,3,4,1,4,3,2,3,2,3,4,3,2,5,3.0,2.0,2.0
Chiweenie,5,3,4,2,1,4,4,2,3,2,1,1,5,3,4,1,2,4,2,3,5,2,4,2,4,5,3.0,2.0,3.0
Chorkie,5,5,5,1,1,2,4,3,3,2,2,1,3,3,2,1,3,3,2,2,4,2,4,3,3,5,3.0,2.0,3.0
Chow Chow,3,2,2,5,5,2,2,1,1,1,1,3,1,2,4,4,2,1,5,2,1,2,2,2,2,1,2.0,3.0,2.0
Chow Shepherd,3,2,4,2,5,4,3,3,2,2,5,2,1,3,2,4,3,3,3,3,2,3,5,4,5,4,3.0,3.0,4.0
Chug,5,3,3,3,2,3,5,4,3,3,4,2,4,4,4,1,3,3,3,2,2,2,4,3,3,4,3.0,3.0,3.0
Chusky,2,2,3,3,5,2,4,4,3,3,5,2,2,3,3,3,3,4,3,3,4,2,4,3,4,4,3.0,3.0,4.0
Cirneco dell’Etna,4,3,3,3,3,3,5,5,4,3,2,1,4,5,2,3,3,3,2,4,3,1,4,2,3,4,3.0,2.0,4.0
Clumber Spaniel,5,5,4,2,5,2,5,3,4,3,5,5,1,2,5,3,4,3,5,5,1,4,3,1,2,5,4.0,5.0,2.0
Cockalier,4,4,4,2,2,2,5,5,4,3,2,1,4,4,3,2,4,4,2,3,2,2,4,2,4,5,4.0,2.0,4.0
Cockapoo,4,5,4,3,4,4,5,4,5,4,1,1,3,2,3,2,4,4,2,3,2,3,3,3,3,5,4.0,2.0,2.0
Cocker Spaniel,5,3,5,1,4,3,5,3,4,3,3,1,1,4,4,2,5,4,4,5,3,4,4,2,3,4,4.0,3.0,3.0
Collie,3,4,5,2,4,3,5,5,4,4,5,1,2,3,3,3,4,4,3,4,4,1,3,2,3,4,4.0,3.0,3.0
Corgi Inu,4,3,3,3,4,2,3,3,3,2,5,2,2,3,3,2,4,4,3,3,3,2,4,3,4,4,3.0,3.0,3.0
Corgidor,3,2,4,3,3,3,5,4,3,4,5,2,4,4,4,3,4,5,3,3,2,3,5,3,4,5,4.0,4.0,4.0
Corman Shepherd,2,2,3,3,4,3,4,4,4,3,5,2,3,3,4,3,4,5,3,3,3,2,4,3,4,4,3.0,4.0,4.0
Coton de Tulear,5,4,5,1,3,3,5,5,5,5,1,1,2,5,3,1,3,4,3,1,2,3,3,2,3,5,4.0,2.0,3.0
Croatian Sheepdog,3,2,3,3,4,2,4,3,2,2,5,3,2,4,3,3,3,4,4,3,4,3,4,4,4,4,3.0,4.0,4.0
Curly-Coated Retriever,1,3,3,3,4,4,5,5,4,3,3,2,3,2,3,3,4,5,5,5,3,4,5,3,4,5,4.0,3.0,4.0
Dachsador,4,2,3,2,3,3,4,4,3,4,2,1,4,4,4,2,3,4,2,4,2,4,4,3,4,4,3.0,2.0,4.0
Dachshund,5,4,4,3,1,3,4,5,3,1,3,1,3,2,5,1,2,4,4,5,5,5,3,3,3,4,4.0,3.0,2.0
Dalmatian,2,3,4,3,3,4,5,4,4,3,5,1,5,4,4,3,4,4,2,2,2,4,5,4,5,4,4.0,3.0,4.0
Dandie Dinmont Terrier,4,4,3,2,3,3,5,4,3,3,3,1,2,3,4,1,2,3,3,4,2,3,3,3,2,4,3.0,3.0,2.0
Daniff,2,2,3,1,4,3,5,4,4,3,2,4,1,3,3,5,4,4,2,2,1,2,3,4,4,4,3.0,3.0,4.0
Dogo Argentino,1,1,3,2,2,4,4,2,2,2,1,3,4,3,2,4,2,3,2,5,2,4,4,4,4,3,2.0,2.0,4.0
Dogue de Bordeaux,5,1,4,2,3,2,5,5,1,1,3,5,5,2,4,4,2,3,4,4,2,1,2,2,5,3,3.0,4.0,3.0
Dorgi,4,4,3,1,4,3,4,4,4,3,2,2,4,4,4,2,3,4,4,3,3,3,4,4,4,5,3.0,3.0,4.0
Dorkie,5,4,4,2,2,2,4,4,4,4,3,1,2,2,2,1,3,4,2,3,2,2,2,2,2,3,4.0,2.0,2.0
Doxle,2,4,4,1,2,4,5,4,5,4,5,1,4,4,4,2,3,4,3,5,5,5,5,4,5,5,4.0,3.0,4.0
Drentsche Patrijshond,3,2,4,3,4,3,5,4,4,3,4,3,3,4,2,3,2,4,3,4,2,1,5,3,4,4,3.0,3.0,4.0
Drever,4,3,2,2,2,3,5,5,4,3,3,2,3,5,3,3,3,4,4,3,4,2,5,3,4,4,4.0,3.0,4.0
Dutch Shepherd,3,3,3,2,4,4,4,4,4,2,4,2,3,4,2,3,5,4,2,3,2,2,4,3,4,4,3.0,3.0,4.0
English Cocker Spaniel,5,4,5,1,4,3,5,5,5,5,3,1,3,4,5,2,4,5,3,5,4,4,5,3,4,5,4.0,3.0,4.0
English Foxhound,1,2,3,4,3,3,4,4,5,3,3,1,5,4,2,3,3,3,4,5,4,5,5,4,5,5,3.0,2.0,4.0
English Setter,1,3,4,1,4,3,5,5,5,5,3,2,3,3,5,3,3,5,4,5,4,5,4,2,5,5,4.0,3.0,4.0
English Springer Spaniel,1,3,4,1,3,4,5,5,5,4,3,1,2,3,3,3,5,5,3,5,3,4,5,3,5,5,4.0,2.0,4.0
English Toy Spaniel,4,4,4,1,2,2,5,1,4,4,5,2,4,2,3,2,3,3,4,4,3,2,3,3,2,4,3.0,3.0,2.0
Entlebucher Mountain Dog,1,2,4,3,4,2,5,5,3,2,3,1,5,3,3,3,3,4,4,4,5,3,5,4,5,5,3.0,2.0,4.0
Estrela Mountain Dog,1,3,2,3,4,3,5,5,3,2,4,3,2,4,3,4,4,5,2,1,3,1,3,3,3,3,3.0,3.0,4.0
Eurasier,4,3,2,1,4,3,3,5,4,2,4,3,3,4,2,4,4,4,2,1,2,1,3,2,3,3,3.0,3.0,4.0
Field Spaniel,1,3,4,1,3,4,5,5,4,4,3,1,4,3,4,2,5,5,3,4,2,5,5,3,5,5,4.0,3.0,4.0
Fila Brasileiro,1,1,3,3,2,3,3,3,2,1,2,3,4,3,4,5,2,4,3,5,3,3,4,4,4,2,2.0,3.0,4.0
Finnish Lapphund,4,4,4,2,5,2,5,5,5,4,3,1,4,4,4,3,5,5,4,4,3,4,5,5,4,5,4.0,3.0,4.0
Finnish Spitz,3,3,3,1,5,3,5,5,5,3,4,1,2,4,3,3,3,4,3,3,5,4,5,4,5,5,4.0,3.0,4.0
Flat-Coated Retriever,1,2,5,1,4,4,5,5,5,5,3,2,4,4,4,3,4,5,3,3,4,4,5,4,5,5,4.0,3.0,4.0
Fox Terrier,3,3,3,3,3,4,4,4,3,3,2,1,2,4,2,2,5,5,3,5,3,3,5,5,5,5,4.0,2.0,4.0
French Bulldog,5,5,3,1,2,1,5,4,4,4,3,1,5,2,4,2,4,3,3,2,3,2,3,4,2,5,4.0,3.0,2.0
French Bullhuahua,4,3,3,2,2,4,4,3,2,3,3,2,4,4,5,1,3,3,4,3,4,2,3,3,3,4,3.0,3.0,3.0
French Spaniel,2,4,4,3,4,2,5,4,4,4,3,2,3,4,2,3,4,4,2,3,2,2,5,3,4,4,4.0,2.0,4.0
Frenchton,5,5,3,2,3,3,5,5,5,5,4,3,5,4,2,2,4,4,2,2,3,3,3,3,3,5,4.0,3.0,3.0
Frengle,4,4,4,3,2,2,5,5,4,4,3,1,5,4,4,3,3,4,3,3,2,3,4,3,4,5,4.0,3.0,4.0
German Longhaired Pointer,2,2,3,3,3,2,5,4,4,4,2,3,5,4,4,4,4,4,2,3,3,4,5,3,5,3,4.0,3.0,4.0
German Pinscher,3,3,4,3,3,4,5,3,2,2,3,1,5,4,3,3,4,5,3,5,3,4,5,3,5,5,3.0,2.0,4.0
German Shepherd Dog,3,2,5,2,4,3,5,5,2,4,5,1,5,4,2,4,5,5,5,4,4,2,5,5,5,5,4.0,3.0,4.0
German Shepherd Pit Bull,1,1,4,1,3,3,5,5,4,4,5,1,5,4,4,4,5,5,5,4,4,3,5,5,5,5,3.0,3.0,4.0
German Shepherd Rottweiler Mix,3,4,3,3,4,2,4,4,3,3,5,3,3,3,4,4,3,4,3,3,3,2,4,3,4,4,3.0,4.0,4.0
German Sheprador,2,1,5,2,4,4,5,5,4,4,5,2,5,3,3,4,5,5,5,3,2,2,5,5,5,5,4.0,3.0,4.0
German Shorthaired Pointer,1,2,4,1,2,4,5,5,4,3,2,2,5,3,3,3,5,5,4,5,3,5,5,3,5,5,4.0,2.0,4.0
German Spitz,4,2,3,3,3,2,5,4,3,3,4,1,2,4,4,1,2,4,4,5,4,2,5,3,4,4,3.0,3.0,4.0
German Wirehaired Pointer,2,3,4,2,3,4,5,3,3,2,2,2,4,4,3,4,4,5,4,4,3,5,5,4,5,5,3.0,2.0,4.0
Giant Schnauzer,1,1,4,2,4,2,5,3,3,2,4,1,2,4,3,4,5,4,3,4,4,4,5,2,5,5,3.0,3.0,4.0
Glen of Imaal Terrier,4,2,3,3,3,4,5,5,2,3,1,1,5,5,3,1,4,4,3,5,4,3,4,5,4,4,4.0,2.0,4.0
Goberian,1,2,3,2,5,2,4,4,4,2,2,1,5,4,4,4,2,5,3,4,2,4,5,4,5,4,3.0,2.0,4.0
Goldador,2,4,3,4,5,4,5,5,5,5,3,2,4,4,3,4,4,5,2,1,1,4,5,5,5,5,4.0,3.0,4.0
Golden Cocker Retriever,1,4,4,1,2,4,5,4,4,3,4,1,4,4,4,3,4,4,2,2,3,4,5,2,4,5,3.0,3.0,4.0
Golden Mountain Dog,1,2,2,2,5,1,5,5,4,3,4,4,2,3,4,5,4,4,2,2,3,4,4,2,5,5,3.0,4.0,4.0
Golden Retriever,2,3,5,1,3,3,5,5,5,5,5,4,2,2,5,3,5,5,5,3,3,2,5,2,5,5,4.0,5.0,4.0
Golden Retriever Corgi,3,4,3,3,3,3,5,5,4,4,4,3,3,3,4,3,4,4,3,2,3,2,4,3,3,5,4.0,4.0,3.0
Golden Shepherd,2,2,5,1,5,4,5,5,3,5,5,2,2,3,3,5,5,5,5,3,3,2,5,3,5,5,4.0,3.0,4.0
Goldendoodle,1,4,4,3,3,3,5,5,5,4,2,1,4,3,3,4,4,5,1,1,3,3,4,3,5,5,4.0,2.0,4.0
Gollie,1,4,3,2,3,3,5,5,4,4,4,2,3,3,4,3,4,4,2,2,2,4,5,3,4,5,4.0,3.0,4.0
Gordon Setter,2,3,4,1,4,3,5,3,2,3,5,3,2,4,3,3,5,5,3,4,5,4,5,2,5,5,3.0,4.0,4.0
Great Dane,1,1,5,1,2,3,5,5,5,5,5,4,5,4,2,5,5,3,2,3,4,3,5,5,5,5,3.0,4.0,5.0
Great Pyrenees,1,1,4,3,5,3,5,4,4,3,5,2,4,2,4,5,1,4,2,5,5,5,5,5,5,4,3.0,4.0,4.0
Greater Swiss Mountain Dog,1,2,4,3,5,1,5,5,5,3,3,1,5,2,4,5,3,3,3,4,4,3,5,4,3,5,3.0,3.0,4.0
Greyador,3,2,5,1,1,3,5,5,5,5,5,4,5,4,5,4,3,5,5,4,4,4,4,4,4,4,4.0,5.0,4.0
Greyhound,4,2,5,1,1,5,5,5,4,5,4,5,5,4,5,4,5,5,4,5,2,5,5,3,5,4,4.0,5.0,4.0
Hamiltonstovare,3,2,4,3,3,3,5,4,3,3,1,1,4,4,3,3,3,4,2,5,3,2,5,3,4,4,3.0,2.0,4.0
Hanoverian Scenthound,2,1,4,3,3,3,5,5,4,3,2,1,4,4,3,4,2,4,2,4,3,2,4,3,4,4,3.0,2.0,4.0
Harrier,1,3,2,3,3,4,4,5,5,5,3,1,5,5,3,3,2,4,3,4,4,5,5,4,5,5,4.0,2.0,4.0
Havanese,5,5,4,1,3,4,5,4,5,5,2,1,1,3,4,2,5,4,3,4,2,2,3,2,3,5,4.0,2.0,3.0
Havapoo,5,5,4,1,3,4,5,4,4,4,1,1,1,3,4,2,5,5,3,3,2,3,3,2,3,5,4.0,2.0,3.0
Hokkaido,3,2,2,3,5,2,4,4,3,3,4,2,1,5,3,3,3,4,3,4,3,3,3,2,3,3,3.0,3.0,4.0
Horgi,2,2,4,2,4,3,5,5,4,5,4,2,3,3,3,2,4,4,4,4,3,3,4,3,4,4,4.0,3.0,3.0
Hovawart,1,2,3,2,4,3,4,4,2,2,3,1,4,4,3,4,2,4,2,2,2,2,4,4,4,4,2.0,2.0,4.0
Huskita,2,1,4,1,5,3,5,2,2,3,4,3,1,4,3,4,2,3,3,4,5,5,4,4,5,5,3.0,3.0,4.0
Huskydoodle,2,2,3,2,4,3,4,4,4,3,3,2,3,4,4,3,3,5,3,4,2,2,5,4,5,4,3.0,3.0,4.0
Ibizan Hound,5,3,4,2,1,4,5,5,5,4,3,1,5,4,1,3,3,4,3,5,2,5,5,3,5,5,4.0,2.0,4.0
Icelandic Sheepdog,1,1,3,2,5,3,4,4,2,2,5,1,1,3,3,3,3,4,3,4,1,4,4,5,4,4,3.0,3.0,4.0
Irish Red And White Setter,1,3,4,1,4,3,5,4,4,4,3,1,3,2,2,3,4,4,4,3,3,4,5,5,5,5,3.0,2.0,4.0
Irish Setter,1,3,4,2,4,3,5,5,5,5,4,2,3,2,3,4,4,5,5,5,4,5,5,3,5,5,4.0,3.0,4.0
Irish Terrier,3,2,3,2,4,4,5,5,1,3,4,1,2,5,3,3,1,4,1,2,4,3,5,4,4,5,3.0,3.0,4.0
Irish Water Spaniel,3,2,4,3,4,4,5,5,4,5,1,2,3,2,3,3,5,4,3,5,4,3,5,3,5,4,4.0,2.0,4.0
Irish Wolfhound,1,2,3,2,4,2,5,5,5,5,3,1,3,1,3,5,3,4,3,5,1,3,2,2,4,4,4.0,2.0,3.0
Italian Greyhound,5,5,5,1,1,3,5,5,4,4,2,1,5,3,2,2,3,3,4,5,3,3,4,2,4,4,4.0,2.0,3.0
Jack-A-Poo,4,4,4,2,4,4,5,5,5,4,2,1,2,3,4,2,4,5,4,4,3,4,5,4,5,5,4.0,2.0,4.0
Jack Chi,4,2,3,3,2,4,4,5,4,3,2,2,5,4,4,2,2,4,2,4,2,4,4,4,4,5,4.0,3.0,4.0
Jack Russell Terrier,3,2,3,3,4,3,5,4,5,4,3,1,3,4,4,2,4,5,4,5,4,4,5,5,5,5,4.0,3.0,4.0
Jackshund,4,2,3,3,3,3,5,4,4,3,3,1,3,3,5,2,3,5,4,5,5,5,4,4,4,5,4.0,3.0,3.0
Japanese Chin,5,4,3,1,3,2,3,3,3,4,3,1,3,3,3,1,3,3,4,3,3,1,2,1,2,4,3.0,2.0,2.0
Japanese Spitz,4,4,3,2,4,3,4,5,4,2,3,1,4,3,2,2,4,4,2,2,4,2,3,2,3,4,4.0,2.0,3.0
Kai Ken,2,2,2,3,4,3,4,4,3,2,4,2,2,4,3,3,3,5,2,5,2,3,5,4,5,3,3.0,3.0,4.0
Karelian Bear Dog,2,1,4,2,5,3,4,3,1,2,3,1,4,4,2,3,2,4,4,5,4,5,4,5,4,4,3.0,2.0,4.0
Keeshond,4,4,5,1,5,3,5,5,4,4,5,1,3,3,4,3,4,4,3,3,4,2,4,3,3,5,4.0,3.0,3.0
Kerry Blue Terrier,3,2,3,3,4,3,4,4,2,5,1,1,2,3,3,3,4,4,4,3,4,3,4,4,5,4,3.0,2.0,4.0
King Shepherd,4,2,4,2,5,4,4,4,5,4,4,4,4,3,4,5,4,5,3,2,2,3,3,3,4,4,4.0,4.0,4.0
Kishu Ken,3,2,3,3,5,3,3,3,2,2,4,2,3,4,3,3,4,5,2,4,1,2,3,3,4,2,3.0,3.0,4.0
Komondor,2,1,4,1,4,3,5,3,1,1,3,2,2,2,3,4,4,4,3,2,5,4,2,1,4,4,3.0,3.0,3.0
Kooikerhondje,4,3,4,2,4,3,3,2,2,2,3,1,2,5,3,3,1,4,3,3,3,3,4,5,5,4,3.0,2.0,4.0
Kuvasz,1,1,5,1,5,2,5,1,2,1,4,3,4,4,4,5,2,4,1,1,3,3,4,4,5,4,2.0,4.0,4.0
Kyi-Leo,5,4,3,4,5,2,5,5,4,3,2,1,2,3,3,2,3,3,4,1,4,2,4,3,2,4,4.0,2.0,3.0
Lab Pointer,1,4,3,1,4,4,5,4,3,4,2,2,4,4,4,4,5,4,2,4,2,4,5,3,5,4,4.0,3.0,4.0
Labernese,2,4,4,1,4,2,4,5,4,3,4,3,3,2,4,4,3,4,3,3,2,4,4,2,4,5,3.0,4.0,4.0
Labmaraner,1,4,4,1,3,3,4,5,4,3,1,2,4,4,4,4,4,4,3,3,3,4,4,3,5,5,3.0,2.0,4.0
Labrabull,2,2,4,1,3,3,5,5,2,5,5,2,5,3,3,4,5,5,5,3,3,4,5,5,4,5,4.0,3.0,4.0
Labradane,1,2,3,2,4,4,5,5,4,3,2,3,4,4,4,5,3,4,2,3,1,3,4,2,4,5,3.0,3.0,4.0
Labradoodle,3,4,3,4,5,4,5,4,5,5,3,1,4,4,3,4,4,4,1,2,2,3,5,4,5,5,4.0,2.0,4.0
Labrador Retriever,1,3,5,2,3,3,5,5,5,5,5,3,5,3,5,4,5,5,5,2,4,3,5,5,5,5,4.0,4.0,4.0
Labrastaff,2,2,4,1,3,3,4,4,3,4,4,3,3,4,4,4,2,4,3,3,3,4,4,3,4,4,3.0,4.0,4.0
Labsky,2,2,2,2,5,1,5,4,3,3,4,2,2,3,4,4,4,5,3,4,4,4,5,4,5,5,3.0,3.0,4.0
Lagotto Romagnolo,2,4,3,3,4,3,3,3,3,3,1,2,1,4,3,2,4,4,2,4,3,3,4,2,4,4,3.0,2.0,4.0
Lakeland Terrier,4,3,3,2,4,4,5,4,3,3,2,1,2,5,3,2,2,4,1,4,4,3,5,4,4,4,3.0,2.0,4.0
Lancashire Heeler,2,2,3,3,3,3,4,3,3,2,3,1,4,4,4,1,3,4,2,2,2,4,4,4,3,4,3.0,3.0,3.0
Leonberger,1,1,4,2,5,1,5,4,3,2,5,3,4,1,4,5,2,3,4,4,3,2,4,4,4,4,2.0,4.0,4.0
Lhasa Apso,5,5,5,4,3,2,4,4,3,2,3,1,1,3,3,1,3,4,3,4,4,2,4,3,3,5,4.0,2.0,3.0
Lhasapoo,4,2,4,2,3,3,4,3,3,1,1,1,3,4,3,3,3,5,2,2,4,2,4,4,3,4,3.0,2.0,4.0
Lowchen,5,4,3,1,3,3,5,5,4,4,3,1,3,5,3,1,5,4,3,4,4,5,4,3,4,5,4.0,2.0,4.0
Maltese,5,5,4,1,1,3,5,3,4,2,2,1,2,3,3,1,4,4,3,4,4,1,3,3,2,4,3.0,2.0,2.0
Maltese Shih Tzu,5,5,3,3,2,2,4,3,3,3,1,1,2,2,3,1,4,3,4,5,4,1,3,2,3,3,3.0,2.0,2.0
Maltipoo,5,5,5,1,2,3,5,4,4,4,1,1,3,2,2,2,5,4,3,2,5,4,3,3,2,4,4.0,1.0,2.0
Manchester Terrier,5,3,3,3,1,3,4,3,3,3,3,1,5,2,4,2,2,4,2,4,4,4,4,4,4,4,3.0,3.0,3.0
Maremma Sheepdog,1,1,4,2,4,2,4,4,4,1,5,3,2,5,5,4,1,5,2,1,2,2,4,4,4,2,2.0,4.0,4.0
Mastador,1,2,4,3,4,2,5,5,3,3,4,4,4,4,4,4,4,4,4,2,2,2,4,4,4,4,3.0,4.0,4.0
Mastiff,2,1,3,3,4,1,5,5,2,2,3,5,3,3,4,5,3,2,4,2,2,1,3,3,4,4,3.0,4.0,4.0
Miniature Pinscher,5,3,5,2,1,3,5,3,2,3,2,1,5,3,5,1,3,3,2,3,5,5,4,3,4,5,3.0,3.0,3.0
Miniature Schnauzer,4,3,4,5,4,4,5,3,3,3,2,1,2,3,4,2,5,4,2,4,3,3,5,3,5,4,4.0,2.0,4.0
Morkie,3,2,3,2,2,3,4,3,2,3,1,1,3,4,4,1,3,4,5,3,5,2,4,3,4,5,3.0,2.0,3.0
Mountain Cur,1,1,3,2,4,4,4,4,3,2,2,1,4,5,1,4,2,4,2,5,3,4,4,4,5,4,3.0,1.0,4.0
Mountain Feist,2,1,4,3,4,3,5,3,3,2,3,4,5,4,1,2,3,3,4,5,4,4,4,4,4,5,3.0,3.0,4.0
Mudi,2,4,4,2,3,3,4,2,2,2,3,1,4,4,2,2,5,4,3,4,4,4,4,2,4,4,3.0,2.0,4.0
Mutt (Mixed),3,3,3,3,3,3,4,3,3,3,3,3,3,4,3,3,4,4,3,3,3,3,3,3,3,3,3.0,3.0,3.0
Neapolitan Mastiff,2,1,4,1,1,2,5,4,2,1,3,5,3,2,5,5,3,3,2,1,1,1,3,1,3,4,2.0,4.0,3.0
Newfoundland,1,3,4,1,5,2,5,5,4,4,5,5,2,1,4,5,5,4,3,4,4,3,3,1,3,4,4.0,5.0,3.0
Norfolk Terrier,4,5,4,3,4,4,5,4,5,4,1,1,4,5,5,1,5,4,2,1,3,4,4,4,4,5,4.0,2.0,4.0
Northern Inuit Dog,1,1,4,1,5,3,5,4,3,5,5,1,2,4,2,4,2,4,4,4,5,5,5,4,5,5,3.0,3.0,4.0
Norwegian Buhund,3,3,3,4,5,2,5,5,3,3,3,1,2,4,3,3,4,3,3,2,4,4,4,4,5,5,4.0,2.0,4.0
Norwegian Elkhound,4,4,4,2,5,3,5,4,4,4,5,1,3,4,4,3,2,4,3,4,4,4,5,3,5,4,4.0,3.0,4.0
Norwegian Lundehund,1,1,3,2,5,3,5,5,5,5,5,1,4,3,3,3,4,5,3,2,1,5,4,4,5,5,4.0,3.0,4.0
Norwich Terrier,5,3,4,2,4,4,5,5,5,5,2,1,2,4,5,1,4,4,4,3,4,4,5,4,4,5,4.0,3.0,4.0
Nova Scotia Duck Tolling Retriever,5,3,3,2,4,4,5,5,4,4,3,1,5,4,4,3,4,5,4,5,4,3,5,3,5,5,4.0,3.0,4.0
Old English Sheepdog,5,4,4,2,4,2,5,4,4,4,1,4,1,4,4,4,3,4,2,3,1,2,4,3,4,4,4.0,3.0,4.0
Otterhound,1,4,2,5,4,3,5,5,5,4,4,1,2,4,3,4,2,4,3,5,2,5,5,4,5,5,4.0,3.0,4.0
Papillon,5,5,3,1,2,4,5,3,4,5,2,1,3,3,3,1,5,4,3,4,2,1,4,3,5,5,4.0,2.0,3.0
Papipoo,5,5,4,1,2,4,5,3,4,4,1,1,2,3,3,1,5,5,3,3,2,2,5,3,5,5,4.0,2.0,4.0
Patterdale Terrier,1,2,4,1,4,4,4,4,4,4,2,1,4,4,3,2,3,5,4,5,2,4,4,4,4,4,3.0,2.0,4.0
Peekapoo,5,5,4,2,3,2,5,4,4,3,2,1,2,3,4,1,3,4,4,3,4,1,3,2,3,4,4.0,2.0,2.0
Pekingese,5,4,2,3,4,1,5,2,2,2,4,1,1,2,3,1,3,4,3,5,4,3,2,1,2,3,3.0,3.0,2.0
Pembroke Welsh Corgi,4,4,4,3,4,3,5,4,3,5,5,1,4,3,4,2,5,5,2,3,5,2,4,3,4,4,4.0,3.0,3.0
Petit Basset Griffon Vendéen,4,3,3,3,4,3,5,5,5,5,4,1,2,3,4,2,1,4,3,5,5,5,5,4,5,5,4.0,3.0,4.0
Pharaoh Hound,4,4,5,2,1,5,5,5,5,4,2,1,4,5,3,3,3,4,4,5,4,4,2,3,4,4,4.0,2.0,4.0
Pitsky,2,1,4,1,3,3,5,5,3,5,4,2,3,4,2,3,3,3,4,3,4,4,4,4,5,5,3.0,3.0,4.0
Plott,1,1,4,2,2,4,4,3,5,3,2,1,5,5,3,3,4,3,3,5,1,5,4,4,5,3,3.0,2.0,4.0
Pocket Beagle,4,3,4,2,2,4,5,5,5,4,3,1,5,3,5,2,3,4,4,3,5,5,4,4,4,4,4.0,3.0,3.0
Pointer,1,1,3,1,2,4,5,5,5,5,3,1,5,3,3,3,5,5,5,5,3,5,5,5,5,5,4.0,2.0,4.0
Polish Lowland Sheepdog,4,2,4,3,4,4,5,4,3,3,1,1,1,4,3,3,4,4,3,3,2,3,4,3,4,4,4.0,2.0,4.0
Pomapoo,5,5,4,1,3,2,5,3,3,3,3,1,1,3,4,1,4,4,3,2,3,1,3,3,3,4,3.0,3.0,2.0
Pomchi,4,3,3,3,2,4,4,3,3,3,3,1,2,5,4,1,3,4,4,3,4,3,3,4,3,4,3.0,3.0,3.0
Pomeagle,4,4,4,1,3,2,5,3,3,3,4,1,2,3,4,1,3,2,3,3,5,4,4,3,3,4,3.0,3.0,3.0
Pomeranian,4,4,4,1,4,2,5,2,2,3,4,1,2,3,4,1,4,4,2,2,5,1,3,2,2,3,3.0,3.0,2.0
Pomsky,5,2,4,1,5,3,5,2,3,3,4,1,2,3,3,2,3,4,3,4,5,2,4,2,3,4,3.0,3.0,3.0
Poochon,5,5,5,1,3,4,5,5,4,4,1,1,1,3,4,2,5,4,3,3,2,2,4,3,4,5,4.0,2.0,3.0
Poodle,5,5,4,1,3,4,5,5,4,4,1,1,1,2,4,4,5,5,4,2,2,3,4,3,4,5,4.0,2.0,4.0
Portuguese Podengo Pequeno,5,4,3,3,2,3,4,4,4,4,3,1,4,4,2,1,4,3,3,4,4,3,5,3,3,3,4.0,2.0,3.0
Portuguese Pointer,1,1,4,1,3,3,4,4,2,4,1,3,4,4,4,3,4,4,3,4,2,3,4,5,4,4,3.0,3.0,4.0
Portuguese Sheepdog,2,2,4,2,4,3,4,4,4,2,2,1,4,5,4,4,3,5,3,2,4,2,4,3,4,3,3.0,2.0,4.0
Portuguese Water Dog,4,3,4,2,4,3,5,5,5,3,1,1,2,4,3,3,4,5,5,3,3,3,5,3,5,5,4.0,2.0,4.0
Pudelpointer,2,3,1,2,3,3,4,3,3,3,3,2,3,4,3,4,4,4,3,4,2,4,4,3,5,3,3.0,3.0,4.0
Pug,5,5,3,1,2,1,5,4,4,4,5,1,5,1,5,2,3,2,2,3,2,2,3,4,3,5,4.0,4.0,2.0
Pugalier,5,5,5,2,2,2,5,5,5,5,4,1,4,3,5,2,4,3,3,3,3,2,3,3,3,5,4.0,3.0,3.0
Puggle,4,5,3,3,3,3,3,5,5,5,3,1,5,4,5,2,2,3,3,2,4,5,3,2,3,3,4.0,3.0,3.0
Puli,4,1,4,2,4,3,5,5,5,2,1,1,1,5,3,3,2,4,3,4,4,5,5,5,5,5,4.0,2.0,4.0
Pyredoodle,3,4,3,3,4,3,5,4,4,3,2,2,3,4,3,4,3,5,3,2,3,5,4,3,4,5,4.0,2.0,4.0
Pyrenean Mastiff,2,2,4,4,4,3,4,4,4,1,3,5,3,4,2,5,3,4,2,2,3,1,4,4,3,3,3.0,3.0,4.0
Pyrenean Shepherd,5,2,4,1,4,3,5,5,2,2,3,1,3,2,3,2,2,4,3,4,5,2,4,5,5,5,3.0,2.0,3.0
Rat Terrier,5,3,4,3,1,4,4,5,3,4,4,1,5,4,3,1,5,4,2,4,4,4,5,4,4,5,4.0,3.0,4.0
Redbone Coonhound,4,2,5,2,3,2,5,5,4,3,2,4,5,3,3,3,3,4,4,4,4,5,4,4,5,5,4.0,3.0,4.0
Rhodesian Ridgeback,1,2,4,2,3,3,5,4,4,3,4,1,5,4,3,4,2,4,3,5,1,5,4,4,5,5,3.0,3.0,4.0
Rottador,3,2,5,1,4,3,5,4,3,3,4,4,5,2,5,4,4,5,4,3,4,3,5,5,5,5,3.0,4.0,4.0
Rottle,4,3,3,3,3,3,5,4,3,3,2,2,4,4,3,3,5,5,3,3,2,2,4,3,4,5,4.0,2.0,4.0
Rottweiler,2,1,4,1,2,3,5,4,2,4,4,4,5,2,5,3,4,5,3,4,4,2,4,4,4,5,3.0,4.0,3.0
Saint Berdoodle,2,5,3,2,4,3,5,5,5,4,3,1,4,4,3,4,4,4,3,3,3,3,3,3,3,3,4.0,2.0,4.0
Saint Bernard,3,2,4,1,5,1,5,5,5,5,4,5,2,2,4,5,2,4,3,1,1,2,3,2,2,4,3.0,4.0,3.0
Saluki,1,2,5,1,2,3,5,4,4,1,2,1,4,4,1,4,4,4,4,5,1,5,5,2,5,5,3.0,1.0,4.0
Samoyed,2,2,4,2,5,1,5,5,5,5,5,2,1,3,4,3,3,3,3,5,3,4,5,2,5,5,4.0,4.0,4.0
Samusky,2,3,3,2,5,3,4,5,4,4,4,2,2,3,4,4,3,5,3,3,2,4,5,3,4,5,4.0,3.0,4.0
Schipperke,4,2,4,3,3,2,4,5,2,2,3,1,5,4,5,1,2,4,3,2,4,5,5,3,5,5,3.0,3.0,4.0
Schnoodle,3,5,4,2,2,4,4,5,3,3,2,1,4,3,4,4,4,5,3,3,2,3,4,3,4,4,4.0,2.0,4.0
Scottish Deerhound,1,1,3,2,4,4,5,4,2,5,5,1,2,3,4,5,2,3,4,5,1,4,5,5,5,5,3.0,3.0,4.0
Scottish Terrier,4,2,4,3,4,3,5,4,4,4,2,1,2,4,3,2,1,4,3,3,4,5,4,4,4,4,4.0,2.0,4.0
Sealyham Terrier,4,4,4,2,4,3,4,4,4,3,4,3,1,5,3,2,3,4,2,2,4,3,4,2,4,4,4.0,3.0,4.0
Sheepadoodle,4,4,5,2,4,3,5,5,4,4,1,1,3,4,4,4,3,5,3,1,2,2,4,3,4,5,4.0,2.0,4.0
Shepsky,1,1,4,2,4,3,5,4,3,4,4,2,3,4,2,4,4,5,4,4,3,2,5,4,5,5,3.0,3.0,4.0
Shetland Sheepdog,2,3,5,2,4,3,5,5,4,5,5,1,2,4,3,2,5,5,1,3,4,2,4,2,4,4,4.0,3.0,4.0
Shiba Inu,5,4,3,5,4,3,4,3,3,3,4,1,4,3,2,2,2,4,4,3,4,4,4,2,3,3,4.0,2.0,3.0
Shichon,5,4,4,1,2,2,5,5,4,4,1,1,4,4,3,2,3,4,1,1,2,1,4,2,3,5,4.0,2.0,3.0
Shih-Poo,5,2,4,2,3,2,5,3,2,4,1,1,2,3,4,1,2,4,3,2,2,2,3,1,2,4,3.0,2.0,2.0
Shih Tzu,5,5,3,3,3,1,5,4,4,5,3,1,1,3,4,1,3,4,4,4,2,2,2,3,2,4,4.0,3.0,2.0
Shikoku,3,2,3,3,5,4,4,3,2,2,4,1,4,5,4,3,2,4,2,4,2,3,3,3,3,2,3.0,3.0,4.0
Shiloh Shepherd,1,2,4,2,5,4,5,5,4,5,4,3,4,3,4,5,5,5,4,1,4,3,4,4,4,5,4.0,4.0,4.0
Shiranian,4,4,4,2,2,1,5,3,3,4,2,2,2,2,3,2,2,4,1,1,2,2,2,3,2,4,3.0,2.0,2.0
Shollie,1,2,3,2,4,4,4,4,3,2,4,2,3,3,4,4,4,4,3,3,3,4,5,4,4,4,3.0,3.0,4.0
Shorkie,5,3,3,1,2,2,4,3,2,3,2,1,4,2,3,1,2,3,2,4,4,3,4,3,2,5,3.0,2.0,2.0
Siberian Husky,2,1,4,1,5,3,5,5,5,5,4,3,2,4,2,3,2,3,4,3,5,5,5,3,5,5,3.0,3.0,4.0
Silken Windhound,4,4,4,2,4,4,5,4,3,4,2,2,4,4,2,3,5,4,3,5,1,4,4,2,4,5,4.0,2.0,4.0
Silky Terrier,5,3,3,3,1,4,4,3,2,3,2,1,4,4,3,1,4,4,2,5,4,3,4,4,3,4,3.0,2.0,3.0
Skye Terrier,4,4,3,2,4,4,4,4,2,5,3,1,3,5,3,2,2,4,3,4,4,4,3,4,3,4,4.0,2.0,3.0
Sloughi,4,2,4,3,2,3,5,5,4,3,3,1,5,3,2,4,3,4,3,5,2,3,5,3,5,3,4.0,2.0,4.0
Small Munsterlander Pointer,1,2,3,4,5,3,5,5,5,4,3,1,3,5,3,3,5,5,3,5,3,4,4,5,5,4,4.0,2.0,4.0
Soft Coated Wheaten Terrier,5,4,4,2,2,3,5,5,5,5,2,1,3,4,3,3,4,4,2,3,3,4,4,3,4,5,4.0,2.0,4.0
Spanish Mastiff,2,1,3,3,4,3,4,4,2,2,3,2,3,4,3,5,2,4,2,1,1,2,3,2,3,4,3.0,3.0,4.0
Spinone Italiano,4,4,5,2,4,3,5,5,5,5,3,4,2,3,2,4,4,4,2,4,2,2,4,2,4,4,4.0,3.0,4.0
Springador,2,3,4,1,4,4,4,3,3,3,1,2,4,4,4,4,5,5,2,4,3,4,4,3,4,4,3.0,2.0,4.0
Stabyhoun,2,3,4,3,2,2,5,5,4,3,3,1,3,5,3,3,5,5,1,4,3,3,3,4,4,5,4.0,2.0,4.0
Staffordshire Bull Terrier,3,1,4,2,3,1,5,5,1,5,3,3,5,3,4,2,2,3,2,2,3,4,3,3,4,5,3.0,3.0,3.0
Staffy Bull Bullmastiff,4,1,3,2,3,1,5,4,1,1,3,2,4,3,2,4,1,3,3,2,1,2,1,4,1,3,2.0,2.0,2.0
Standard Schnauzer,4,2,4,2,4,4,4,4,3,2,1,1,2,5,1,3,3,5,3,5,2,5,5,3,5,5,3.0,1.0,4.0
Sussex Spaniel,5,5,5,1,5,5,5,5,5,5,3,1,4,4,5,2,3,5,2,1,4,1,2,1,2,4,4.0,3.0,2.0
Swedish Lapphund,2,2,4,2,5,2,4,4,4,4,4,2,2,3,2,3,4,5,4,2,4,2,3,4,3,4,3.0,3.0,3.0
Swedish Vallhund,3,1,3,3,4,3,5,4,3,5,4,1,5,4,4,3,5,5,2,4,1,3,5,3,5,5,4.0,3.0,4.0
Taiwan Dog,3,2,3,2,4,4,4,3,4,2,3,3,4,4,3,3,4,4,3,4,3,4,4,3,4,4,3.0,3.0,4.0
Terripoo,5,5,2,1,3,4,5,4,3,3,1,1,3,3,3,1,4,5,2,4,3,3,5,3,4,5,4.0,2.0,3.0
Texas Heeler,2,3,3,3,4,3,4,3,3,3,4,2,3,3,5,3,3,5,4,3,2,4,5,3,5,4,3.0,4.0,4.0
Thai Ridgeback,2,2,2,2,4,3,3,2,3,3,3,2,4,4,3,3,2,4,2,4,2,4,4,4,4,3,3.0,3.0,4.0
Tibetan Mastiff,1,1,5,1,5,2,5,5,5,2,2,2,4,3,4,5,1,5,5,3,2,3,4,2,2,5,3.0,3.0,4.0
Tibetan Spaniel,5,4,5,1,1,2,5,5,4,3,3,1,4,5,3,1,4,4,3,3,4,3,3,3,4,4,4.0,2.0,3.0
Tibetan Terrier,5,3,4,1,4,4,5,5,4,3,1,1,1,5,3,2,4,4,2,2,4,3,5,4,5,5,4.0,2.0,4.0
Toy Fox Terrier,5,3,4,1,2,3,5,4,3,3,4,1,5,5,2,1,3,4,2,5,4,4,5,4,5,5,4.0,2.0,4.0
Transylvanian Hound,3,2,2,3,3,3,4,3,3,2,3,3,4,4,3,3,2,4,3,4,3,4,4,4,5,4,3.0,3.0,4.0
Treeing Tennessee Brindle,1,2,3,2,3,3,4,4,4,3,4,3,5,4,3,3,3,4,3,4,1,1,4,4,5,3,3.0,3.0,4.0
Treeing Walker Coonhound,1,2,5,2,3,3,4,4,3,3,3,2,5,4,3,4,2,4,3,4,5,5,4,4,5,3,3.0,3.0,4.0
Valley Bulldog,4,3,4,2,1,1,5,4,3,4,4,3,5,3,4,4,3,3,2,3,4,1,4,4,4,4,3.0,4.0,4.0
Vizsla,1,3,5,1,1,4,5,5,5,5,2,1,5,4,2,3,5,4,4,2,5,5,5,4,5,5,4.0,2.0,4.0
Weimaraner,1,2,5,1,3,4,5,4,3,3,4,4,5,3,2,4,4,5,5,5,2,5,5,5,5,5,3.0,3.0,4.0
Welsh Springer Spaniel,4,4,5,1,4,4,5,5,4,3,3,1,4,4,4,3,5,5,3,3,5,5,5,4,5,4,4.0,3.0,4.0
Welsh Terrier,3,3,3,2,2,2,4,5,5,4,2,1,2,5,3,2,3,5,2,5,4,4,5,5,5,5,4.0,2.0,4.0
West Highland White Terrier,4,4,4,2,4,3,5,4,5,3,4,1,3,3,4,2,4,4,2,4,4,3,4,4,4,4,4.0,3.0,3.0
Westiepoo,3,4,4,1,3,3,4,4,4,4,1,1,5,4,4,2,4,4,3,4,3,3,4,4,4,5,4.0,2.0,4.0
Whippet,5,3,5,2,1,4,5,5,4,4,2,1,5,4,1,3,4,4,4,5,1,4,5,2,5,5,4.0,1.0,4.0
Whoodle,4,1,3,1,4,2,4,4,3,4,2,1,3,4,2,3,2,4,1,2,1,3,4,4,4,4,3.0,2.0,4.0
Wirehaired Pointing Griffon,1,3,4,1,4,3,5,5,4,5,1,1,3,4,3,3,5,5,3,4,4,4,5,3,4,5,4.0,2.0,4.0
Xoloitzcuintli,5,1,5,1,3,3,5,3,2,1,1,1,5,5,3,3,3,5,3,5,5,5,3,3,3,3,3.0,2.0,4.0
Yakutian Laika,1,3,3,1,5,3,5,4,4,4,4,2,3,4,3,3,4,4,2,3,4,3,4,3,5,4,3.0,3.0,4.0
Yorkipoo,5,5,4,3,2,3,5,4,3,2,1,1,4,3,2,1,4,4,3,3,5,2,5,3,3,4,4.0,1.0,3.0
Yorkshire Terrier,5,4,5,2,2,2,4,2,3,2,2,1,2,4,2,1,3,3,2,2,3,3,5,4,4,5,3.0,2.0,4.0
